19,S,A,0.060672613
,,C,-1.169052119
,,D,-1.353322083
,,E,-1.436495922
,,F,1.132165931
,,G,-1.359747113
,,H,-0.149969838
,,I,0.771411093
,,K,-0.592496328
,,L,-0.494504888
,,M,-0.548024831
,,N,-0.388529563
,,P,2.327818365
,,Q,-1.455633413
,,R,-0.515464051
,,S,0
,,T,0.719980647
,,V,1.088757967
,,W,1.069376164
,,Y,1.049411373
24,Q,A,-1.844535428
,,C,-1.755290647
,,D,-2.339595423
,,E,-0.891653952
,,F,-2.371839701
,,G,-1.775548974
,,H,-1.263367
,,I,-2.185156559
,,K,-1.590010053
,,L,-1.308850957
,,M,-1.200372254
,,N,-2.326883839
,,P,-0.152124509
,,Q,0
,,R,-1.577833252
,,S,-1.819430118
,,T,1.573178331
,,V,-1.88008007
,,W,-1.130529961
,,Y,-3.380771932
27,T,A,2.113424949
,,C,2.416058053
,,D,2.102280113
,,E,-2.136211917
,,F,2.29411711
,,G,-2.05994115
,,H,2.337142078
,,I,-0.272447974
,,K,1.65168607
,,L,2.845073871
,,M,2.554520658
,,N,-0.17308296
,,P,0.508105724
,,Q,-0.752446705
,,R,0.253123244
,,S,0.765747546
,,T,0
,,V,-1.118025671
,,W,2.105297033
,,Y,2.696162285
28,F,A,-1.816917049
,,C,-1.934251937
,,D,-1.84083786
,,E,-3.287141514
,,F,0
,,G,-2.459403583
,,H,-2.572818402
,,I,-1.607994425
,,K,-3.337257454
,,L,-1.532870438
,,M,-1.348871458
,,N,-2.42854914
,,P,-1.523697889
,,Q,-2.362805991
,,R,-1.993980002
,,S,-1.645622365
,,T,-1.778153217
,,V,-2.052514658
,,W,-0.994465843
,,Y,0.804816895
30,D,A,-1.586577896
,,C,-1.997413103
,,D,0
,,E,2.288573177
,,F,-3.066712574
,,G,-1.742235726
,,H,-2.055747938
,,I,1.619862939
,,K,-1.759839288
,,L,-1.075116549
,,M,-0.582727127
,,N,-1.433941738
,,P,-1.917074257
,,Q,-1.24384262
,,R,-1.675786507
,,S,-1.802289887
,,T,0.537892783
,,V,1.23776118
,,W,-1.98561713
,,Y,-1.474148213
31,K,A,-1.937880013
,,C,-1.758986585
,,D,-2.241065898
,,E,-1.502875505
,,F,0.747993115
,,G,-2.021889331
,,H,-0.745466825
,,I,-1.629452802
,,K,0
,,L,-0.627436405
,,M,-0.433588706
,,N,-1.728456232
,,P,-2.726431526
,,Q,-1.621944548
,,R,-1.609477184
,,S,-2.060330982
,,T,-2.304503671
,,V,-1.871376654
,,W,2.556795843
,,Y,1.85233235
34,H,A,3.169590798
,,C,-1.296803399
,,D,-2.026294244
,,E,-1.172096787
,,F,-2.427125184
,,G,-0.792030802
,,H,0
,,I,-1.486106144
,,K,-1.864244697
,,L,-1.519981579
,,M,-0.678922072
,,N,-1.042364084
,,P,2.657773535
,,Q,-1.603084113
,,R,-1.076031319
,,S,1.690542483
,,T,-0.268389879
,,V,2.873163045
,,W,-0.327134622
,,Y,-1.515592051
35,E,A,0.587057077
,,C,1.792121148
,,D,1.413920565
,,E,0
,,F,-1.773412403
,,G,-0.103295483
,,H,-0.999620099
,,I,-0.703146424
,,K,-1.199253155
,,L,-0.483273792
,,M,1.038520491
,,N,-0.605978192
,,P,-1.952483012
,,Q,0.319742732
,,R,-1.579162411
,,S,-2.252393548
,,T,-2.244417246
,,V,1.743809459
,,W,-0.965045322
,,Y,-1.737133369
37,E,A,-1.245710537
,,C,-2.861086424
,,D,-1.679090654
,,E,0
,,F,-2.575986257
,,G,-1.640329633
,,H,-2.073115248
,,I,-2.750385626
,,K,-1.349986562
,,L,-1.119730336
,,M,-1.185256853
,,N,-2.046584079
,,P,-0.948705924
,,Q,-1.040191719
,,R,-1.950860902
,,S,-1.8526704
,,T,-1.135918345
,,V,-1.497093032
,,W,-1.77846276
,,Y,-2.07932066
38,D,A,-1.966357321
,,C,-2.350536889
,,D,0
,,E,-0.960791293
,,F,-2.202993725
,,G,-1.539454912
,,H,-1.982170725
,,I,-2.093586502
,,K,-2.053145861
,,L,-1.928483217
,,M,-1.549916388
,,N,-1.245188009
,,P,-2.473839903
,,Q,-1.584782648
,,R,-2.367515973
,,S,-2.045930157
,,T,-1.836332845
,,V,-1.963734719
,,W,-2.409716816
,,Y,-2.527085007
41,Y,A,-1.778272114
,,C,-1.656995683
,,D,-2.151274403
,,E,-2.141420994
,,F,-2.186431074
,,G,-2.172099066
,,H,-1.199421801
,,I,-3.516975495
,,K,-2.49179144
,,L,-1.263060578
,,M,-1.754635553
,,N,-1.751902378
,,P,-2.387948596
,,Q,-1.13490304
,,R,1.680029786
,,S,-1.62671786
,,T,-1.827689004
,,V,-1.85766368
,,W,-2.238339336
,,Y,0
42,Q,A,-1.532154822
,,C,2.854285246
,,D,-2.165725811
,,E,-1.544639712
,,F,-1.707785902
,,G,-0.659698946
,,H,1.396359235
,,I,1.710103805
,,K,1.729243722
,,L,2.742127321
,,M,2.479722424
,,N,-1.437747661
,,P,-1.962861081
,,Q,0
,,R,0.836305039
,,S,-1.105829747
,,T,0.394244544
,,V,1.91628483
,,W,-2.436008107
,,Y,-2.177500056
45,L,A,-2.074592754
,,C,-2.236576644
,,D,-1.648904551
,,E,-2.334910925
,,F,-0.605911488
,,G,-2.476797686
,,H,-1.294714794
,,I,0.204580045
,,K,-2.143959939
,,L,0
,,M,-0.11279614
,,N,-1.772580139
,,P,-1.480500583
,,Q,-1.973918431
,,R,-2.105413353
,,S,-1.668263401
,,T,-0.653661582
,,V,-1.441386161
,,W,-2.153717527
,,Y,-1.329596052
79,L,A,-0.187424738
,,C,-2.303556108
,,D,-0.801118392
,,E,-1.830801764
,,F,2.677372653
,,G,-0.87453557
,,H,-0.229186008
,,I,2.898753556
,,K,-0.776912489
,,L,0
,,M,1.033252222
,,N,-0.77592508
,,P,1.857801903
,,Q,-0.155567363
,,R,1.063867399
,,S,0.053107909
,,T,3.374800071
,,V,3.181461174
,,W,3.289902364
,,Y,2.862483246
82,M,A,-1.507467862
,,C,1.973161077
,,D,-1.035775379
,,E,-1.858689192
,,F,0.127218952
,,G,1.113801181
,,H,0.197458399
,,I,-0.428501783
,,K,-0.329522676
,,L,0.267389528
,,M,0
,,N,0.028581526
,,P,-1.39213594
,,Q,-1.5458685
,,R,1.087938468
,,S,-0.88870544
,,T,-1.465336652
,,V,-1.510288911
,,W,-0.477906535
,,Y,-0.154316249
83,Y,A,-0.372640699
,,C,0.406019733
,,D,-1.933998872
,,E,-2.565947112
,,F,-0.855281671
,,G,-1.940353072
,,H,-0.667134906
,,I,-0.480199491
,,K,-1.939157577
,,L,0.445559452
,,M,-0.60028472
,,N,-1.813963982
,,P,-1.98812703
,,Q,-2.34837658
,,R,-1.695824297
,,S,-1.268947829
,,T,-2.137980164
,,V,0.741663253
,,W,-0.648034981
,,Y,0
324,T,A,1.401189119
,,C,-0.454660578
,,D,-0.165555675
,,E,2.489454037
,,F,-1.152585097
,,G,-0.786747614
,,H,-0.732932655
,,I,-0.21754617
,,K,-2.09414729
,,L,-1.405848318
,,M,-1.212847652
,,N,-0.231497256
,,P,2.692943139
,,Q,0.490972773
,,R,-1.311027942
,,S,1.047953995
,,T,0
,,V,-0.202975611
,,W,-1.607208707
,,Y,-1.003254368
325,Q,A,-0.24939679
,,C,-0.583533014
,,D,-0.635217943
,,E,0.071162939
,,F,-0.097531608
,,G,0.289272595
,,H,0.362784364
,,I,-0.016780576
,,K,0.078502993
,,L,-0.196925868
,,M,-0.780652105
,,N,-0.469552902
,,P,2.763774113
,,Q,0
,,R,-0.333149881
,,S,-0.321293931
,,T,0.382182855
,,V,0.178685439
,,W,-1.262193182
,,Y,0.365574049
326,G,A,-1.640655543
,,C,-2.893040139
,,D,-2.255879766
,,E,-0.90546886
,,F,-2.489330002
,,G,0
,,H,-2.614853183
,,I,-1.778219234
,,K,-1.998787819
,,L,-1.3232512
,,M,-1.524039673
,,N,-1.692651812
,,P,-1.967220811
,,Q,-1.907555044
,,R,-1.878982924
,,S,-2.224580062
,,T,-1.753320078
,,V,-1.507105291
,,W,-2.098188696
,,Y,-1.964998367
330,N,A,-0.830738057
,,C,-1.860247761
,,D,-0.993854894
,,E,-0.80169427
,,F,2.926671162
,,G,-1.555369911
,,H,2.641169139
,,I,-0.959111102
,,K,-1.061681501
,,L,2.183314826
,,M,-0.377442285
,,N,0
,,P,-1.376162283
,,Q,1.266753226
,,R,-1.588946113
,,S,-0.838912184
,,T,-0.342242261
,,V,-0.688040941
,,W,2.951594157
,,Y,3.080389554
353,K,A,-2.657472026
,,C,-2.149018198
,,D,-2.441935309
,,E,-1.28952008
,,F,-1.706207599
,,G,-2.517784201
,,H,-2.567836163
,,I,-2.201336829
,,K,0
,,L,-1.984680839
,,M,-1.527595771
,,N,-1.57445751
,,P,-1.85879448
,,Q,-1.498379464
,,R,-1.442100636
,,S,-2.526863931
,,T,-1.697881855
,,V,-2.524225477
,,W,-2.718354567
,,Y,-1.664416324
354,G,A,-1.775367287
,,C,-1.748814988
,,D,-1.383743172
,,E,-1.903916
,,F,-2.02116895
,,G,0
,,H,-0.931026308
,,I,-2.498149878
,,K,-3.241201791
,,L,-1.930898332
,,M,-1.741207653
,,N,-2.130611361
,,P,-1.793484829
,,Q,-2.501825187
,,R,-2.241238713
,,S,-1.744925235
,,T,-2.076508254
,,V,-1.782802207
,,W,-1.721012355
,,Y,-1.745074627
355,D,A,-2.037624373
,,C,-2.158469339
,,D,0
,,E,-1.663271734
,,F,-2.162515261
,,G,-2.173100032
,,H,-2.485223379
,,I,-2.554183134
,,K,-3.014939596
,,L,-2.101042349
,,M,-2.120747029
,,N,-0.911052386
,,P,-2.44321164
,,Q,-2.159841103
,,R,-2.270953922
,,S,-2.24858047
,,T,-1.609040344
,,V,-1.83715273
,,W,-2.238152336
,,Y,-2.141015062
357,R,A,-2.40884055
,,C,-2.173937662
,,D,-2.619083188
,,E,-2.420381931
,,F,-2.402617778
,,G,-1.842539424
,,H,-1.743957469
,,I,-2.47519922
,,K,-1.441892139
,,L,-2.339251017
,,M,-1.10528849
,,N,-2.614563715
,,P,-2.43799999
,,Q,-1.727496101
,,R,0
,,S,-1.899915052
,,T,-1.364538857
,,V,-2.302541339
,,W,-1.51090146
,,Y,-2.331580217
386,A,A,0
,,C,-0.66083128
,,D,-0.235253733
,,E,-0.860379936
,,F,-1.994551612
,,G,-0.600298153
,,H,-1.76538985
,,I,1.651587717
,,K,-2.282846557
,,L,2.678295467
,,M,0.323906914
,,N,-0.825404018
,,P,-1.630269421
,,Q,-1.585632507
,,R,-1.71331196
,,S,-0.433545313
,,T,-0.360969535
,,V,-0.735469889
,,W,-1.748972332
,,Y,-1.389770612
393,R,A,0.953335812
,,C,-0.051966748
,,D,-2.290018189
,,E,-0.5507715
,,F,-1.987839027
,,G,-0.265845113
,,H,0.241802487
,,I,-1.501603384
,,K,1.97952458
,,L,-0.273165731
,,M,0.983834167
,,N,-0.784016242
,,P,-1.779024427
,,Q,0.077918506
,,R,0
,,S,-0.211521825
,,T,-0.150800873
,,V,-1.680874865
,,W,-2.312693394
,,Y,-1.999840342