S477T,-0.01
V445I,-0.01
V503Q,-0.01
S477Q,-0.01
Q493H,-0.01
V445R,-0.01
V503F,-0.01
V503Y,-0.01
L455I,-0.01
G476S,-0.02
V445T,-0.02
G485K,-0.02
S477H,-0.02
V445H,-0.02
E484S,-0.02
S477L,-0.02
S477Y,-0.02
F490Q,-0.02
S477R,-0.03
V445L,-0.03
F490M,-0.03
V445W,-0.03
Q493C,-0.03
V445Q,-0.04
V445A,-0.04
F490T,-0.04
S477E,-0.04
F490W,-0.05
F490H,-0.05
S477V,-0.05
S477F,-0.05
Y453M,-0.05
Q498A,-0.05
Q498R,-0.06
V503A,-0.06
S477G,-0.06
V503C,-0.06
S477I,-0.06
R403K,-0.06
E484G,-0.06
V445N,-0.06
N501A,-0.06
N501Q,-0.06
S477A,-0.07
V503D,-0.07
E484A,-0.07
S477M,-0.07
V503H,-0.07
Y453H,-0.07
Q493T,-0.08
E484N,-0.08
V503N,-0.08
F490D,-0.08
F490V,-0.08
Q493I,-0.08
F490G,-0.08
N501I,-0.08
K417Y,-0.08
Q493R,-0.09
F490P,-0.09
G446K,-0.09
V503W,-0.09
V445S,-0.1
A475S,-0.1
V445F,-0.1
G446N,-0.11
G485Q,-0.11
F490L,-0.11
F490C,-0.11
F456L,-0.11
Y453V,-0.11
G446E,-0.12
F490E,-0.12
N501S,-0.13
K417F,-0.13
A475G,-0.13
V445M,-0.14
A475V,-0.14
V445Y,-0.14
Q493W,-0.14
Y505F,-0.15
Y473F,-0.16
Y473H,-0.16
G446R,-0.16
F490I,-0.16
V503G,-0.16
Y453W,-0.16
V445D,-0.16
Q498S,-0.17
G446Q,-0.17
Y453L,-0.17
K417R,-0.17
K417H,-0.17
Q493S,-0.18
G485R,-0.18
V445E,-0.18
F486P,-0.18
L455F,-0.19
G485A,-0.19
G446T,-0.19
G446D,-0.2
G485S,-0.2
G446S,-0.2
G446W,-0.2
V503E,-0.2
Q493N,-0.21
Y453S,-0.21
G485T,-0.22
F456M,-0.22
F486W,-0.23
G446M,-0.23
E484M,-0.26
G446A,-0.26
G476A,-0.26
G446P,-0.26
G446I,-0.26
Y453C,-0.26
K417T,-0.26
L455W,-0.27
G446V,-0.27
Y453A,-0.27
E484P,-0.28
G446H,-0.28
G485M,-0.28
G446L,-0.28
V445G,-0.29
Y453R,-0.3
K417W,-0.31
G446F,-0.31
K417L,-0.31
T500S,-0.32
K417V,-0.32
G446Y,-0.34
F486Y,-0.34
F486A,-0.34
K417I,-0.34
K417P,-0.35
K417A,-0.35
G496N,-0.35
A475T,-0.36
Y453Q,-0.37
A475M,-0.38
E484D,-0.38
G476H,-0.38
F486I,-0.38
F486R,-0.38
K417M,-0.39
K417C,-0.42
F486H,-0.42
G485E,-0.43
G485N,-0.43
T500W,-0.43
F486V,-0.43
T500Q,-0.44
S477C,-0.44
G485H,-0.45
K417N,-0.45
K417S,-0.46
F486L,-0.47
L455A,-0.47
A475E,-0.48
A475I,-0.48
Q498N,-0.5
Q498M,-0.51
K417G,-0.51
E484C,-0.52
Y453I,-0.53
F486M,-0.53
G496A,-0.53
G476D,-0.54
L455G,-0.54
E484H,-0.55
R403M,-0.55
Y453T,-0.55
Q493E,-0.56
T500A,-0.56
G485W,-0.57
G476W,-0.57
G485D,-0.58
N501C,-0.58
G485C,-0.59
Q498G,-0.61
F456V,-0.61
K417Q,-0.62
F486K,-0.62
G496S,-0.63
F486S,-0.63
L455Q,-0.63
V503S,-0.64
E484I,-0.64
G485L,-0.64
E484V,-0.65
Y473L,-0.65
A475C,-0.66
Y473M,-0.66
G485I,-0.66
Y489H,-0.66
Q498T,-0.67
G485V,-0.67
Y489W,-0.68
Y449R,-0.69
R403T,-0.69
F456H,-0.69
G485Y,-0.7
E484L,-0.71
F486T,-0.71
Y505H,-0.71
L455C,-0.71
R403Q,-0.72
Q493P,-0.72
F486Q,-0.72
L455V,-0.73
K417E,-0.75
T500M,-0.75
L455H,-0.76
F486G,-0.77
E484W,-0.78
L455T,-0.78
L455S,-0.78
N501E,-0.79
T500K,-0.8
V445C,-0.8
A475Q,-0.8
G485F,-0.8
L455N,-0.8
Y473W,-0.81
Y453N,-0.82
F486N,-0.82
R403S,-0.84
G476N,-0.84
A475R,-0.86
T500H,-0.88
V503P,-0.88
G476T,-0.89
Y453G,-0.92
T500G,-0.93
N501G,-0.94
Y489F,-0.95
L455P,-0.95
T500Y,-0.97
G446C,-0.97
Y449K,-0.98
Q498E,-0.98
T500F,-0.98
G476Y,-0.98
F456W,-1.01
K417D,-1.04
G496V,-1.05
R403A,-1.06
A475K,-1.06
Y449F,-1.08
V503T,-1.08
N487D,-1.08
T500R,-1.12
G476Q,-1.12
T500P,-1.12
T500E,-1.14
N501L,-1.15
Y449T,-1.16
G476R,-1.18
Y453E,-1.18
T500N,-1.2
F486C,-1.2
Y473V,-1.2
F456C,-1.2
F456I,-1.21
G476F,-1.22
Y449N,-1.22
Y449H,-1.22
Y449Q,-1.22
Y473I,-1.23
Q498V,-1.24
R403P,-1.25
Y449S,-1.25
A475L,-1.27
Q498D,-1.27
Y449G,-1.28
Y449A,-1.3
G476E,-1.35
Y449V,-1.36
Y449M,-1.37
F456K,-1.38
A475F,-1.38
R403L,-1.4
Q498C,-1.41
Y449P,-1.41
G496C,-1.42
Y449W,-1.43
E484F,-1.43
Y449I,-1.44
G496T,-1.46
R403N,-1.47
Q498I,-1.48
L455Y,-1.5
F456Y,-1.5
G496I,-1.51
N487S,-1.51
Y449L,-1.51
E484Y,-1.51
R403C,-1.51
G496H,-1.52
T500L,-1.52
G485P,-1.53
Y449D,-1.55
Q493D,-1.57
Y449E,-1.57
Q498L,-1.58
G496Q,-1.58
N487G,-1.59
T500C,-1.6
L455R,-1.6
G496M,-1.62
A475P,-1.62
G496W,-1.63
G496R,-1.63
F486E,-1.63
F456T,-1.65
G496K,-1.65
G476M,-1.67
A475N,-1.67
G476K,-1.68
A475Y,-1.69
F486D,-1.69
G496L,-1.7
R403G,-1.7
Y449C,-1.73
R403I,-1.73
N487A,-1.74
Y473T,-1.85
Y473E,-1.86
N487H,-1.87
T500V,-1.89
G476C,-1.89
N487T,-1.93
N501P,-1.95
Y473Q,-1.95
G476V,-1.96
Y489M,-1.98
A475H,-1.98
T500D,-1.99
L455K,-1.99
G496Y,-2
Y505N,-2
A475D,-2.01
R403V,-2.03
L455E,-2.05
N487E,-2.06
F456Q,-2.07
N501R,-2.08
F456R,-2.08
N487Q,-2.09
G496P,-2.1
Y473C,-2.1
R403E,-2.11
N487M,-2.12
G496F,-2.12
Y473S,-2.13
Y489V,-2.15
F456A,-2.17
Y473A,-2.18
R403H,-2.19
Y489L,-2.2
Y489Q,-2.2
N487L,-2.2
R403D,-2.21
G496D,-2.21
Y489I,-2.22
F456G,-2.22
Y473N,-2.23
L455D,-2.25
Y489P,-2.26
A475W,-2.26
Q498K,-2.26
N487F,-2.29
Y505Q,-2.29
N487K,-2.3
N487R,-2.3
T500I,-2.3
N487Y,-2.3
G476I,-2.31
Y505M,-2.32
G496E,-2.33
R403Y,-2.34
Y505C,-2.36
Y505S,-2.37
F456N,-2.38
N487W,-2.39
N487C,-2.41
F456S,-2.42
N501D,-2.42
Y505A,-2.43
F456E,-2.45
Y505V,-2.46
Y489A,-2.46
N487V,-2.47
Y505R,-2.47
G476L,-2.51
Y505L,-2.51
G476P,-2.56
Y489N,-2.57
Y473R,-2.59
Y473K,-2.59
N487P,-2.64
F456P,-2.69
G502S,-2.7
Y505K,-2.71
Y473D,-2.72
Y473G,-2.74
N487I,-2.77
N501K,-2.79
G502A,-2.8
R403W,-2.82
Y505D,-3.07
G502C,-3.11
Q498P,-3.14
Y505E,-3.17
Y505I,-3.19
Y489C,-3.24
Y489D,-3.37
Y505T,-3.46
R403F,-3.49
Y453D,-3.49
Y489R,-3.79
Y489E,-3.98
Y505P,-4.09
G502K,-4.16
G502D,-4.16
Y489G,-4.32
Y489K,-4.33
G502N,-4.38
G502H,-4.47
F456D,-4.55
G502P,-4.55
Y489T,-4.61
Y505G,-4.65
G502I,-4.66
G502E,-4.67
G502Q,-4.68
G502M,-4.8
G502L,-4.8
G502F,-4.8
G502Y,-4.8
G502W,-4.8
Y473P,-4.8
Y453P,-4.8
Y489S,-4.8
G502R,-4.8
G502V,-4.8
G502T,-4.8
F490S,0
N501H,0
N501M,0
F490R,0.01
Q493G,0.01
V503R,0.01
S477W,0.02
F490N,0.02
V445K,0.02
E484Q,0.03
S477K,0.03
F490A,0.03
V503L,0.03
V445P,0.03
E484T,0.05
V503I,0.05
Q493V,0.05
Q493L,0.05
Q493K,0.05
L455M,0.05
S477P,0.06
E484K,0.06
Q493F,0.06
S477N,0.06
F490Y,0.06
Q498W,0.07
Y453K,0.08
F490K,0.09
S477D,0.09
V503M,0.1
N501T,0.1
V503K,0.1
N501W,0.11
Q493Y,0.12
Y505W,0.13
Q493A,0.13
E484R,0.15
N501V,0.15
Q498F,0.15
Q498Y,0.16
Q493M,0.18
N501Y,0.24
Y453F,0.25
N501F,0.29
Q498H,0.3