#case_id,exp_binding,protein,haddock-ddg,foldx-ddg,foldxwater-ddg,evoef1-ddg,mutabind2-ddg,ssipe-ddg,uep-ddg
D30A,-1.59,ACE2,9.32,1.47,1.50,1.23,0.37,0.85,-0.02
D30E,2.29,ACE2,1.60,0.01,0.70,0.25,-0.07,0.71,-0.63
D30F,-3.07,ACE2,5.73,0.23,1.46,1.24,0.63,0.19,-1.41
D30I,1.62,ACE2,6.26,0.00,0.57,0.74,0.53,0.40,-0.93
D30N,-1.43,ACE2,13.20,-0.91,0.12,0.14,0.26,0.84,0.07
D30P,-1.92,ACE2,9.51,-0.30,1.83,1.25,0.95,2.07,0.09
D30T,0.54,ACE2,14.01,-0.67,0.30,0.72,0.38,0.26,-0.05
D30V,1.24,ACE2,8.82,-1.18,0.07,0.61,0.62,0.21,-0.67
D355I,-2.55,ACE2,8.36,1.92,1.71,0.52,2.77,0.47,-0.03
D355K,-3.01,ACE2,-1.15,1.39,1.11,0.85,2.31,1.34,-0.39
D355M,-2.12,ACE2,1.94,1.23,1.03,0.78,1.62,0.30,0.51
D355P,-2.44,ACE2,-1.21,3.42,3.26,0.32,2.20,1.88,0.30
D38C,-2.35,ACE2,0.17,1.86,2.64,1.22,1.02,0.57,1.49
D38R,-2.37,ACE2,-7.33,2.03,0.95,0.28,0.57,0.74,-2.50
D38W,-2.41,ACE2,-12.42,2.79,0.52,0.56,0.69,-0.28,-1.53
D38Y,-2.53,ACE2,-4.17,1.00,0.95,1.09,0.80,0.02,-2.49
G354I,-2.50,ACE2,-6.64,1.97,1.87,-1.03,1.16,0.25,-1.93
G354K,-3.24,ACE2,-3.72,0.70,0.80,-0.67,-0.06,1.13,-1.76
G354Q,-2.50,ACE2,-9.05,-0.04,-0.08,1.15,0.54,1.85,-1.72
G354Y,-1.75,ACE2,-12.63,0.89,1.08,-2.88,1.58,-0.84,-2.29
H34A,3.17,ACE2,6.28,0.57,0.43,0.35,0.91,0.92,0.84
H34F,-2.43,ACE2,-5.55,-1.52,-2.10,-0.74,0.62,-0.11,-1.17
H34K,-1.86,ACE2,4.23,-0.60,0.37,-0.38,0.21,1.16,-0.54
H34P,2.66,ACE2,6.89,0.42,1.83,0.05,0.93,2.03,-0.08
H34Q,-1.60,ACE2,2.48,0.53,0.78,0.10,0.05,1.31,-0.69
H34S,1.69,ACE2,11.44,0.36,0.62,-0.43,0.68,1.00,1.09
H34V,2.87,ACE2,3.67,0.35,0.67,-0.47,0.38,0.22,-0.69
K31F,0.75,ACE2,-14.16,-1.27,-1.42,-0.04,0.59,-0.35,-0.63
K31M,-0.43,ACE2,0.50,-1.34,-0.25,-0.72,0.50,-0.49,0.44
K31P,-2.73,ACE2,9.04,2.57,2.57,0.62,2.18,1.74,4.02
K31W,2.56,ACE2,-21.15,-0.24,-0.61,0.10,0.99,-0.53,0.08
K31Y,1.85,ACE2,-12.35,-1.79,-2.54,-1.31,0.30,-0.88,-0.65
K353A,-2.66,ACE2,3.82,2.36,1.69,0.97,1.79,0.68,0.97
K353D,-2.44,ACE2,-1.59,2.22,2.39,1.06,1.60,1.03,0.86
K353E,-1.29,ACE2,-1.30,3.21,2.94,0.68,2.10,0.77,-0.14
K353G,-2.52,ACE2,1.29,2.47,1.72,1.66,1.07,0.91,0.64
K353H,-2.57,ACE2,-7.75,3.41,3.24,0.26,0.96,0.46,0.43
K353R,-1.44,ACE2,0.19,2.49,-0.32,0.71,0.15,0.80,-0.74
K353S,-2.53,ACE2,2.91,3.00,2.15,1.25,1.68,1.09,0.61
K353V,-2.52,ACE2,5.15,5.08,4.79,0.78,2.24,0.18,0.21
K353W,-2.72,ACE2,-12.99,1.75,1.45,1.20,1.41,-0.10,-1.46
L45I,0.20,ACE2,-1.19,0.19,0.23,0.01,0.38,0.21,0.63
L45K,-2.14,ACE2,5.14,0.22,0.00,-1.19,0.67,-0.10,0.48
Q24F,-2.37,ACE2,-5.37,2.92,2.47,-0.70,1.17,-0.48,-1.14
Q24K,-1.59,ACE2,5.07,0.29,-0.62,-0.96,0.75,0.57,0.06
Q24T,1.57,ACE2,6.66,-0.39,-0.77,-0.70,0.65,-0.24,0.14
Q24Y,-3.38,ACE2,-2.75,2.69,2.49,2.41,1.41,0.49,-1.12
Q42C,2.85,ACE2,2.82,-0.01,0.01,1.96,0.86,0.71,2.11
Q42H,1.40,ACE2,-4.93,0.03,-0.73,2.04,0.57,1.04,0.70
Q42I,1.71,ACE2,1.54,-0.15,-0.21,1.91,0.70,0.69,0.28
Q42K,1.73,ACE2,-3.41,-0.05,0.02,0.66,0.91,1.12,0.26
Q42L,2.74,ACE2,-0.53,0.01,-0.32,1.96,0.76,-0.03,-0.25
Q42M,2.48,ACE2,2.02,-0.03,-0.15,1.64,0.67,0.34,0.68
Q42R,0.84,ACE2,0.07,0.07,-2.00,0.24,0.45,0.67,-0.54
Q42T,0.39,ACE2,7.66,-0.06,0.02,2.02,0.69,0.60,0.43
Q42V,1.92,ACE2,3.37,-0.06,0.03,1.99,0.58,0.59,0.39
Q42W,-2.44,ACE2,-7.10,-0.22,0.01,0.77,0.70,0.08,0.60
T27A,2.11,ACE2,6.42,0.85,1.05,1.01,0.52,1.51,-0.24
T27C,2.42,ACE2,3.56,0.02,0.94,0.22,0.95,0.96,1.66
T27D,2.10,ACE2,0.69,-0.39,-0.52,1.02,0.73,1.84,0.49
T27F,2.29,ACE2,-11.56,-1.80,-1.68,-0.67,0.18,0.28,-1.51
T27H,2.34,ACE2,-8.12,-0.23,0.45,-0.98,0.45,0.91,-0.29
T27K,1.65,ACE2,0.74,0.24,0.25,-1.18,0.35,1.25,-0.52
T27L,2.85,ACE2,0.70,-0.82,-0.61,-0.94,0.27,-0.20,-1.55
T27M,2.55,ACE2,3.04,-1.32,-0.73,-0.55,0.21,0.42,-0.36
T27P,0.51,ACE2,1.85,0.97,1.21,1.01,1.21,2.71,-0.28
T27R,0.25,ACE2,-2.63,0.83,0.74,-0.64,0.66,1.15,-1.29
T27S,0.77,ACE2,-2.67,0.60,1.53,1.16,0.59,1.88,0.05
T27W,2.11,ACE2,-16.64,-0.10,-0.10,-0.89,0.76,0.01,-0.40
T27Y,2.70,ACE2,-6.54,-1.53,-1.51,-0.77,0.47,0.37,-1.37
Y41A,-1.78,ACE2,6.90,0.47,1.09,1.80,2.65,2.08,0.77
Y41I,-3.52,ACE2,5.16,0.81,0.84,1.80,2.62,1.80,0.43
Y41M,-1.75,ACE2,3.14,0.42,-0.02,1.71,1.76,1.51,0.95
Y41R,1.68,ACE2,2.38,2.25,0.81,0.98,2.35,2.02,-0.46
Y41W,-2.24,ACE2,0.65,2.07,0.60,0.83,1.87,0.87,1.04
Y83C,0.41,ACE2,6.91,1.76,1.83,1.09,2.10,1.37,2.35
Y83D,-1.93,ACE2,4.98,2.28,1.71,1.22,2.48,2.01,1.24
Y83E,-2.57,ACE2,10.04,2.04,1.65,1.20,2.49,1.83,0.57
Y83L,0.45,ACE2,1.44,1.67,1.32,0.73,1.40,0.51,-0.16
Y83Q,-2.35,ACE2,9.20,1.98,1.77,1.14,2.15,2.14,0.67
Y83R,-1.70,ACE2,6.15,1.60,1.35,1.33,1.98,1.90,-0.00
Y83V,0.74,ACE2,7.27,1.75,1.83,1.07,2.09,1.23,0.61
F456V,-0.61,RBD,5.10,2.09,2.01,1.58,1.19,1.38,0.27
G502A,-2.80,RBD,-2.68,2.28,2.27,0.82,1.42,1.18,-1.22
G502E,-4.67,RBD,-6.96,3.31,3.29,1.29,1.34,1.51,-2.09
G502F,-4.80,RBD,-26.17,2.15,2.29,-0.57,1.05,0.04,-1.92
G502I,-4.66,RBD,-2.73,3.42,3.40,1.07,0.76,0.98,-1.53
G502K,-4.16,RBD,-9.05,2.57,2.58,2.59,0.97,2.30,-2.13
G502L,-4.80,RBD,-4.64,1.98,1.93,-0.18,0.98,-0.20,-2.24
G502M,-4.80,RBD,-6.36,1.98,2.27,-0.80,1.20,0.07,-1.18
G502N,-4.38,RBD,-1.27,2.64,2.48,1.18,1.09,1.67,-1.67
G502V,-4.80,RBD,-6.64,3.39,3.36,0.75,1.01,0.73,-1.50
L455M,0.05,RBD,3.90,0.19,0.03,-0.59,0.20,0.84,1.22
N487D,-1.08,RBD,-3.98,-0.11,-0.89,0.05,1.22,0.61,0.13
N487P,-2.64,RBD,5.25,2.19,2.12,-0.49,1.83,1.39,-0.10
N487Q,-2.09,RBD,1.54,1.89,1.08,-0.19,1.39,0.76,-0.64
N501C,-0.58,RBD,-7.22,-0.11,-0.48,-0.01,-0.13,0.10,1.75
N501F,0.29,RBD,-3.89,5.58,6.88,0.11,0.63,-0.26,-1.25
N501Q,-0.06,RBD,-0.56,0.25,-0.30,-0.49,0.87,0.78,-0.19
N501S,-0.13,RBD,-6.11,0.21,0.40,0.41,-0.40,0.93,0.04
N501T,0.10,RBD,1.18,-1.17,-1.93,0.01,-0.61,-0.16,0.07
N501V,0.15,RBD,-3.01,-0.91,-1.34,0.01,-0.15,-0.03,0.17
N501W,0.11,RBD,-18.15,4.05,2.80,-0.01,1.48,-0.85,-0.56
N501Y,0.24,RBD,1.90,3.03,6.28,0.32,0.65,-0.17,-1.62
Q493A,0.13,RBD,6.13,0.24,0.24,0.75,0.54,0.44,1.06
Q493F,0.06,RBD,-8.64,-1.33,-1.40,-0.44,-0.05,-0.63,-0.03
Q493G,0.01,RBD,5.74,0.36,0.38,0.77,0.98,0.45,1.20
Q493K,0.05,RBD,-10.77,-0.41,-0.31,-0.73,0.12,0.47,-0.59
Q493L,0.05,RBD,-0.25,-0.89,-0.38,0.06,0.02,-0.84,-0.71
Q493M,0.18,RBD,2.27,-1.08,-0.96,-1.06,-0.02,-0.74,0.75
Q493V,0.05,RBD,-0.59,0.59,0.57,0.54,0.41,-0.05,0.32
Q493Y,0.12,RBD,0.74,-1.54,-2.10,-1.30,-0.07,-0.99,-0.66
Q498F,0.15,RBD,-7.18,-0.79,-1.56,-0.67,-1.65,-0.63,-0.40
Q498H,0.30,RBD,-5.97,-0.67,-0.36,-0.42,0.32,0.13,0.55
Q498P,-3.14,RBD,2.41,-0.27,-0.23,-0.15,0.92,1.42,0.62
Q498W,0.07,RBD,-9.42,-1.35,-3.48,0.04,0.55,-0.62,0.53
Q498Y,0.16,RBD,-9.40,-1.61,-2.58,-0.64,-1.84,-0.86,-0.58
T500L,-1.52,RBD,-8.07,-0.40,-0.65,1.24,0.47,0.59,-2.10
T500S,-0.32,RBD,-1.21,0.21,0.11,1.62,0.39,2.06,-0.08
Y489A,-2.46,RBD,17.21,1.86,1.70,1.64,2.23,2.02,1.45
Y489E,-3.98,RBD,6.06,2.88,1.64,1.75,2.00,2.21,0.19
Y489F,-0.95,RBD,-5.79,-0.35,-0.58,0.38,0.28,0.93,-0.03
Y489S,-4.80,RBD,12.42,1.23,1.32,1.78,1.89,2.37,1.17
Y505C,-2.36,RBD,4.93,2.88,3.48,2.48,0.80,2.20,2.43
Y505D,-3.07,RBD,4.03,3.29,3.81,3.08,2.05,2.78,0.34
Y505G,-4.65,RBD,3.51,3.45,3.43,3.14,1.11,2.67,1.08
Y505M,-2.32,RBD,5.45,2.52,2.54,1.53,0.93,1.38,1.17
Y505P,-4.09,RBD,10.26,3.43,3.58,2.73,1.47,3.75,1.10
Y505W,0.13,RBD,-5.56,0.70,-0.05,1.27,0.50,1.05,1.14
