,ALA,ARG,ASN,ASP,CYS,GLU,GLY,HIS,ILE,LEU,LYS,MET,PHE,PRO,SER,THR,TRP,TYR,VAL,GLN
A_24_GLN,2.681,-0.713,0.023,0.485,1.815,-0.103,3.12,0.376,-0.286,-0.843,0.055,0.309,-1.14,0.185,2.728,0.135,-0.166,-1.124,-0.119,
A_27_THR,-0.24,-1.294,0.151,0.494,1.662,-0.236,0.82,-0.293,-1.021,-1.549,-0.523,-0.363,-1.513,-0.285,0.053,,-0.403,-1.369,-0.398,-0.144
A_30_ASP,-0.017,-0.718,0.067,,1.08,-0.632,2.764,0.218,-0.933,-1.983,-0.316,-0.352,-1.409,0.085,-0.041,-0.053,-0.242,-1.066,-0.674,-0.257
A_31_LYS,4.328,-0.712,4.115,4.244,5.794,0.28,4.445,0.62,-0.355,-1.231,,0.438,-0.634,4.019,4.244,4.08,0.076,-0.645,-0.003,0.152
A_34_HIS,0.839,-1.001,-0.229,-0.308,1.163,-0.861,1.688,,-1.054,-2.019,-0.539,-0.327,-1.168,-0.083,1.086,-0.178,-0.158,-1.283,-0.691,-0.687
A_38_ASP,0.009,-2.504,-0.239,,1.489,-0.542,,-1.377,-1.998,-2.59,-1.7,-1.457,-2.534,-0.088,-0.181,-0.221,-1.531,-2.491,-0.285,-0.689
A_41_TYR,0.768,-0.458,0.025,0.441,2.108,0.097,0.703,0.675,0.435,-0.183,0.157,0.955,0.123,0.76,0.382,0.072,1.04,,0.487,-0.156
A_42_GLN,1.284,-0.535,0.392,0.652,2.106,0.141,1.15,0.696,0.283,-0.248,0.255,0.684,-0.068,0.603,1.095,0.427,0.598,-0.375,0.393,
A_45_LEU,,-0.225,,,,0.334,,0.953,0.628,,0.483,1.067,0.345,,,,-1.231,0.158,0.723,-0.029
A_83_TYR,1.047,-0.0,0.66,1.242,2.346,0.57,1.17,0.927,0.363,-0.162,0.733,1.05,-0.182,0.6,0.841,0.872,0.904,,0.612,0.668
A_353_LYS,0.969,-0.742,0.372,0.863,2.446,-0.135,0.641,0.433,0.145,-0.403,,0.563,-0.203,0.808,0.612,0.658,-1.456,-0.503,0.209,-0.166
A_354_GLY,-1.37,-2.405,-1.677,-1.374,0.093,-1.852,,-1.311,-1.928,-2.403,-1.76,-1.301,-2.132,-1.396,-1.591,-1.723,-1.265,-2.291,-1.959,-1.724
A_355_ASP,0.287,-1.037,-0.447,,1.727,-0.446,,0.057,-0.026,-0.495,-0.385,0.514,-0.341,0.296,-0.199,-0.309,0.429,-0.533,-0.069,-0.253
E_417_LYS,,-0.753,,,,0.436,,-0.237,0.867,0.162,,1.005,0.472,,,,0.791,-0.05,0.88,0.464
E_449_TYR,0.943,-1.246,0.285,0.415,2.536,0.477,1.15,0.483,0.66,0.096,-0.417,0.891,0.434,1.015,0.434,0.625,0.702,,0.736,-0.188
E_455_LEU,,-0.477,,,,-0.01,,0.37,0.757,,-0.289,1.217,0.518,,,,1.095,-0.092,0.901,0.326
E_456_PHE,1.823,-0.996,1.365,1.391,3.494,-0.426,1.906,0.285,0.271,-0.436,-0.705,0.62,,1.951,1.524,1.13,0.742,-0.445,0.267,-0.116
E_475_ALA,,-2.781,-0.392,-0.414,1.136,-2.019,1.416,-1.376,-1.549,-2.055,-2.099,-0.949,-1.859,0.077,-0.54,-1.765,-0.917,-2.055,-1.477,-1.895
E_486_PHE,1.421,0.273,1.781,2.065,2.965,0.858,2.208,1.316,0.151,-0.757,0.931,0.745,,1.637,1.72,1.739,1.086,-0.06,0.507,0.592
E_487_ASN,0.214,-4.555,,0.129,1.68,-0.425,0.33,-3.52,-4.603,-5.466,-3.887,-3.931,-4.952,-0.096,0.129,-0.035,-3.826,-4.755,-0.101,-0.643
E_489_TYR,1.447,-0.004,1.224,0.914,2.411,0.191,1.627,1.044,0.53,-0.172,0.545,0.965,-0.032,1.199,1.172,1.069,0.973,,0.605,0.407
E_493_GLN,1.056,-1.039,0.04,0.058,1.932,-0.733,1.199,0.106,0.24,-0.706,-0.592,0.751,-0.027,0.716,0.475,0.193,0.618,-0.658,0.317,
E_496_GLY,0.115,-1.811,-0.824,-1.241,0.707,-1.167,,-0.627,-0.441,-1.297,-1.699,0.044,-0.632,-0.17,-0.867,-0.902,-0.055,-1.343,-0.265,-1.018
E_498_GLN,3.977,-0.638,0.386,0.353,1.853,-0.096,4.093,0.554,-0.275,-1.233,-0.146,0.426,-0.401,0.619,3.893,0.458,0.526,-0.583,0.058,
E_500_THR,0.053,-1.828,-0.281,-0.236,1.472,-0.741,1.494,-0.594,-1.208,-2.103,-1.175,-0.62,-1.451,0.028,-0.084,,-0.656,-1.644,-0.407,-0.387
E_501_ASN,0.495,-2.017,,-0.224,1.748,-0.492,2.127,-0.745,-0.878,-1.537,-1.436,-0.507,-1.246,0.348,0.036,0.075,-0.56,-1.625,0.17,-0.194
E_502_GLY,-1.217,-2.683,-1.672,-1.782,0.139,-2.093,,-1.374,-1.528,-2.236,-2.13,-1.184,-1.915,-1.318,-1.609,-1.598,-1.225,-2.321,-1.498,-1.866
E_505_TYR,1.134,-0.538,0.66,0.342,2.427,-0.203,1.082,0.97,0.845,-0.15,0.241,1.167,0.398,1.098,0.65,0.709,1.139,,0.835,0.527
