#case_id,ACE2_exp_ddg
A386C,-0.660831
A386E,-0.86038
A386I,1.65159
A386L,2.6783
A386M,0.323907
A386Q,-1.58563
D30A,-1.58658
D30E,2.28857
D30F,-3.06671
D30I,1.61986
D30N,-1.43394
D30P,-1.91707
D30T,0.537893
D30V,1.23776
D355I,-2.55418
D355K,-3.01494
D355M,-2.12075
D355P,-2.44321
D38C,-2.35054
D38G,-1.53945
D38R,-2.36752
D38W,-2.40972
D38Y,-2.52709
E35A,0.587057
E35C,1.79212
E35D,1.41392
E35M,1.03852
E35Q,0.319743
E35V,1.74381
E37C,-2.86109
E37F,-2.57599
E37G,-1.64033
E37I,-2.75039
E37K,-1.34999
E37L,-1.11973
E37M,-1.18526
E37R,-1.95086
E37T,-1.13592
E37V,-1.49709
F28C,-1.93425
F28E,-3.28714
F28G,-2.4594
F28K,-3.33726
F28L,-1.53287
F28N,-2.42855
F28Q,-2.36281
F28T,-1.77815
F28V,-2.05251
F28Y,0.804817
G326C,-2.89304
G326F,-2.48933
G326H,-2.61485
G326T,-1.75332
G326W,-2.09819
G326Y,-1.965
G354I,-2.49815
G354K,-3.2412
G354Q,-2.50183
G354Y,-1.74507
H34A,3.16959
H34F,-2.42713
H34K,-1.86424
H34P,2.65777
H34Q,-1.60308
H34S,1.69054
H34V,2.87316
K31F,0.747993
K31M,-0.433589
K31P,-2.72643
K31W,2.5568
K31Y,1.85233
K353A,-2.65747
K353D,-2.44194
K353E,-1.28952
K353G,-2.51778
K353H,-2.56784
K353R,-1.4421
K353S,-2.52686
K353V,-2.52423
K353W,-2.71835
L45G,-2.4768
L45I,0.20458
L45K,-2.14396
L79F,2.67737
L79G,-0.874536
L79I,2.89875
L79M,1.03325
L79P,1.8578
L79R,1.06387
L79T,3.3748
L79V,3.18146
L79W,3.2899
L79Y,2.86248
M82C,1.97316
M82G,1.1138
M82L,0.26739
M82P,-1.39214
M82R,1.08794
N330D,-0.993855
N330F,2.92667
N330H,2.64117
N330L,2.18331
N330Q,1.26675
N330R,-1.58895
N330W,2.95159
N330Y,3.08039
Q24F,-2.37184
Q24K,-1.59001
Q24T,1.57318
Q24Y,-3.38077
Q325G,0.289273
Q325H,0.362784
Q325P,2.76377
Q325S,-0.321294
Q325T,0.382183
Q325Y,0.365574
Q42C,2.85429
Q42H,1.39636
Q42I,1.7101
Q42K,1.72924
Q42L,2.74213
Q42M,2.47972
Q42R,0.836305
Q42T,0.394245
Q42V,1.91628
Q42W,-2.43601
R357A,-2.40884
R357D,-2.61908
R357E,-2.42038
R357F,-2.40262
R357G,-1.84254
R357I,-2.4752
R357N,-2.61456
R357P,-2.438
R393A,0.953336
R393H,0.241802
R393K,1.97952
R393M,0.983834
R393S,-0.211522
S19F,1.13217
S19I,0.771411
S19L,-0.494505
S19N,-0.38853
S19P,2.32782
S19T,0.719981
S19V,1.08876
S19W,1.06938
S19Y,1.04941
T27A,2.11342
T27C,2.41606
T27D,2.10228
T27F,2.29412
T27H,2.33714
T27K,1.65169
T27L,2.84507
T27M,2.55452
T27P,0.508106
T27R,0.253123
T27S,0.765748
T27W,2.1053
T27Y,2.69616
T324A,1.40119
T324E,2.48945
T324G,-0.786748
T324P,2.69294
T324Q,0.490973
T324S,1.04795
Y41A,-1.77827
Y41I,-3.51698
Y41M,-1.75464
Y41R,1.68003
Y41W,-2.23834
Y83C,0.40602
Y83D,-1.934
Y83E,-2.56595
Y83L,0.445559
Y83Q,-2.34838
Y83R,-1.69582
Y83V,0.741663
