Mutated_Chain,Mutation,DDG,Interface?,Deleterious?,DDE_vdw,DDG_solv,DDG_fold,CS,SA_com_wt,SA_part_wt,N_cont_wt,bootstrapFC,Model_Bias
A,A386I,0.28,yes,no,-0.229,-0.1187,-0.2948,0.6102,-0.0521,-0.1018,0.0431,-0.0018,0.4286
A,A386L,0.3,yes,no,-0.2886,-0.0114,-0.3485,0.702,-0.0829,-0.1326,0.0343,-0.0018,0.4286
A,A386M,0.2,yes,no,-0.1326,-0.1203,-0.3849,0.4885,-0.039,-0.088,0.0495,-0.0018,0.4286
A,D30E,-0.07,yes,no,-0.3117,0.4706,-0.1169,-0.7305,0.1221,0.0551,0.012,-0.0018,0.4286
A,D30I,0.53,yes,no,-0.2209,0.0305,-0.3335,0.6056,-0.0472,0.028,0.0385,-0.0018,0.4286
A,D30T,0.38,yes,no,-0.2679,0.0348,-0.1786,0.2983,-0.0172,0.0733,0.0111,-0.0018,0.4286
A,D30V,0.62,yes,no,-0.1839,0.1234,-0.305,0.5891,-0.0735,0.0389,0.0067,-0.0018,0.4286
A,E35A,0.56,yes,no,0.5671,-0.337,-0.4158,0.5995,-0.3506,-0.066,0.1315,-0.0018,0.4286
A,E35C,0.59,yes,no,0.5538,-0.3769,-0.3497,0.6823,-0.3743,-0.0805,0.1049,-0.0018,0.4286
A,E35D,0.52,yes,no,0.1695,-0.0549,-0.2203,0.3976,-0.2365,-0.0108,0.053,-0.0018,0.4286
A,E35M,0.17,yes,no,0.2964,-0.3521,-0.5838,0.6435,-0.256,-0.0757,0.0703,-0.0018,0.4286
A,E35Q,0.07,yes,no,0.446,-0.3668,-0.4412,0.2547,-0.2963,-0.0338,0.0763,-0.0018,0.4286
A,E35V,0.45,yes,no,0.5078,-0.3446,-0.4286,0.591,-0.3409,-0.0728,0.1068,-0.0018,0.4286
A,F28Y,0.99,yes,no,-0.3578,-0.2165,0.7974,0.2742,0.191,-0.2131,0.0873,-0.0018,0.4286
A,H34A,0.91,yes,no,0.6458,0.1381,-0.3441,0.1456,-0.3515,0.1406,0.1099,-0.0018,0.4286
A,H34P,0.93,yes,no,0.507,-0.0656,-0.0969,0.2269,-0.2656,0.0935,0.1013,-0.0018,0.4286
A,H34S,0.68,yes,no,0.6282,0.128,-0.3608,0.0049,-0.3376,0.1216,0.0707,-0.0018,0.4286
A,H34V,0.38,yes,no,0.2007,0.0454,-0.3841,0.1989,-0.213,0.0607,0.0405,-0.0018,0.4286
A,K31F,0.59,yes,no,-0.2265,-0.205,-0.3586,0.5435,0.3168,0.1861,-0.0953,-0.0018,0.4286
A,K31W,0.99,yes,no,-0.1676,0.0293,-0.3209,0.5358,0.3867,0.1841,-0.0842,-0.0018,0.4286
A,K31Y,0.3,yes,no,-0.0839,-0.1446,-0.6493,0.3763,0.2752,0.146,-0.0513,-0.0018,0.4286
A,L45I,0.38,yes,no,-0.0266,-0.0724,-0.1393,0.0964,0.1851,-0.0838,-0.004,-0.0018,0.4286
A,L79F,0.16,yes,no,-0.3909,-0.2102,-0.0273,0.2852,0.0935,-0.0497,0.0325,-0.0018,0.4286
A,L79I,0.27,yes,no,-0.0834,-0.1159,-0.1317,0.0612,0.1372,-0.0256,0.0059,-0.0018,0.4286
A,L79M,-0.19,yes,no,-0.3249,-0.0892,-0.0275,-0.2855,0.1488,-0.0436,0.0026,-0.0018,0.4286
A,L79P,0.91,yes,no,0.0071,-0.1392,0.96,0.0389,-0.2476,-0.1805,0.0433,-0.0018,0.4286
A,L79R,-0.89,yes,no,-0.0462,0.0677,0.0526,-1.5097,0.167,-0.1204,0.0761,-0.0018,0.4286
A,L79T,0.27,yes,no,-0.0245,-0.0466,1.0841,-1.017,-0.1189,-0.136,0.1051,-0.0018,0.4286
A,L79V,0.32,yes,no,-0.0302,-0.0811,-0.1825,0.0574,0.128,-0.0097,0.0122,-0.0018,0.4286
A,L79W,0.24,yes,no,-0.2844,-0.1686,-0.0097,0.1718,0.0914,-0.0171,0.0294,-0.0018,0.4286
A,L79Y,-0.08,yes,no,-0.3364,-0.1558,-0.0478,-0.0544,0.1379,-0.0412,-0.0069,-0.0018,0.4286
A,M82C,0.32,yes,no,-0.0739,-0.1237,-0.0319,0.3094,-0.3326,0.0843,0.0619,-0.0018,0.4286
A,M82G,0.76,yes,no,-0.3151,-0.1992,0.8686,0.1158,-0.4417,0.3058,0.0014,-0.0018,0.4286
A,M82L,0.28,yes,no,-0.0316,-0.1145,-0.1453,0.1853,-0.2473,0.1187,0.0866,-0.0018,0.4286
A,M82R,-0.21,yes,no,-0.0799,0.0103,0.0112,-0.8305,0.0596,0.1591,0.0373,-0.0018,0.4286
A,N330F,0.41,yes,no,-0.1648,-0.1348,-0.505,0.8814,-0.0284,-0.0601,-0.0021,-0.0018,0.4286
A,N330H,0.63,yes,no,-0.0482,-0.164,-0.188,0.4595,0.06,0.0087,0.0725,-0.0018,0.4286
A,N330L,0.61,yes,no,-0.0366,-0.1112,-0.45,0.9083,-0.0249,-0.0628,-0.0445,-0.0018,0.4286
A,N330Q,0.68,yes,no,-0.0648,-0.0552,-0.1888,0.4694,0.029,-0.0069,0.0707,-0.0018,0.4286
A,N330W,0.54,yes,no,-0.2156,-0.1515,-0.3294,0.9175,-0.0519,-0.0717,0.0179,-0.0018,0.4286
A,N330Y,0.4,yes,no,-0.2709,-0.1616,-0.2964,0.8683,-0.0895,-0.0697,-0.0038,-0.0018,0.4286
A,Q24T,0.65,yes,no,-0.1287,0.0279,-0.4223,0.4826,0.2676,-0.0042,0.0012,-0.0018,0.4286
A,Q325G,0.19,no,no,-0.0587,-0.122,-0.3928,0.5681,-0.3342,0.0715,0.033,-0.0018,0.4286
A,Q325H,0.14,yes,no,-0.1002,-0.1657,-0.1924,0.4212,-0.3405,0.0292,0.0625,-0.0018,0.4286
A,Q325P,-0.32,yes,no,-0.0968,-0.0778,-0.6445,0.287,-0.2339,-0.023,0.0388,-0.0018,0.4286
A,Q325T,0.11,yes,no,-0.0985,-0.0782,-0.4094,0.4721,-0.2913,0.0595,0.0288,-0.0018,0.4286
A,Q325Y,0.21,yes,no,-0.2023,-0.1594,-0.263,0.6341,-0.367,0.0972,0.0406,-0.0018,0.4286
A,Q42C,0.86,yes,no,-0.1394,0.1553,-0.1522,0.7335,-0.2396,0.0775,-0.0057,-0.0018,0.4286
A,Q42H,0.57,yes,no,-0.2318,-0.0238,-0.1731,0.4861,-0.1025,0.1117,0.0814,-0.0018,0.4286
A,Q42I,0.7,yes,no,-0.2189,0.1669,-0.2644,0.7171,-0.1854,0.0679,-0.0082,-0.0018,0.4286
A,Q42K,0.91,yes,no,-0.1129,0.7644,-0.2992,0.2865,-0.1982,0.0964,-0.0532,-0.0018,0.4286
A,Q42L,0.76,yes,no,-0.1509,0.2141,-0.3001,0.6734,-0.1814,0.0833,-0.0022,-0.0018,0.4286
A,Q42M,0.67,yes,no,-0.1624,0.2265,-0.3031,0.5795,-0.1619,0.0823,-0.0155,-0.0018,0.4286
A,Q42R,0.45,yes,no,-0.1798,-0.0487,-0.1872,0.3193,-0.0787,0.1353,0.0615,-0.0018,0.4286
A,Q42T,0.69,yes,no,-0.2168,0.1403,-0.2109,0.4967,-0.109,0.1364,0.0298,-0.0018,0.4286
A,Q42V,0.58,yes,no,-0.2169,0.08,-0.2095,0.5355,-0.1721,0.1085,0.0319,-0.0018,0.4286
A,R393A,1.04,no,no,0.1047,0.0905,-0.0518,0.7241,-0.0888,-0.139,-0.022,-0.0018,0.4286
A,R393H,1.52,no,yes,-0.4189,0.3586,0.9637,0.5371,-0.2836,-0.2611,0.1939,-0.0018,0.4286
A,R393K,0.59,yes,no,-0.0234,0.116,-0.3607,0.5498,-0.0394,-0.1372,0.0568,-0.0018,0.4286
A,R393M,0.88,no,no,-0.0195,0.079,-0.2365,0.79,-0.0338,-0.1308,0.0039,-0.0018,0.4286
A,S19F,0.16,yes,no,-0.1665,-0.1223,-0.1738,0.408,-0.3357,0.0681,0.0577,-0.0018,0.4286
A,S19I,0.2,yes,no,-0.1461,-0.1116,0.0072,0.3012,-0.3996,0.0756,0.0488,-0.0018,0.4286
A,S19P,0.19,yes,no,-0.0944,-0.1,-0.1066,0.2572,-0.3189,0.0615,0.0664,-0.0018,0.4286
A,S19T,0.1,yes,no,-0.0762,-0.0765,-0.1622,0.2032,-0.2834,0.0068,0.0573,-0.0018,0.4286
A,S19V,0.17,yes,no,-0.1462,-0.1219,0.0182,0.2578,-0.3967,0.0778,0.0569,-0.0018,0.4286
A,S19W,0.16,yes,no,-0.1767,-0.1072,-0.171,0.4393,-0.377,0.0678,0.0575,-0.0018,0.4286
A,S19Y,0.16,yes,no,-0.1464,-0.0933,-0.1526,0.3155,-0.3354,0.0809,0.06,-0.0018,0.4286
A,T27A,0.52,yes,no,-0.0836,-0.0516,-0.1786,-0.0031,0.1589,0.1958,0.0505,-0.0018,0.4286
A,T27C,0.95,yes,no,-0.2474,-0.0099,-0.1694,0.4326,0.2187,0.308,-0.0055,-0.0018,0.4286
A,T27D,0.73,yes,no,0.1375,-0.0279,-0.2986,0.1286,0.1451,0.1829,0.0358,-0.0018,0.4286
A,T27F,0.18,yes,no,-0.2074,0.0005,-1.0072,0.7197,0.0763,0.2026,-0.0355,-0.0018,0.4286
A,T27H,0.45,yes,no,-0.2292,-0.1806,-0.2842,0.4074,0.0775,0.2434,-0.0114,-0.0018,0.4286
A,T27K,0.35,yes,no,-0.2887,0.4747,-0.3792,-0.0508,0.0193,0.2038,-0.0548,-0.0018,0.4286
A,T27L,0.27,yes,no,-0.226,-0.0378,-0.5728,0.4235,0.0715,0.1954,-0.0143,-0.0018,0.4286
A,T27M,0.21,yes,no,-0.2733,-0.0672,-0.4542,0.3484,0.04,0.1898,-0.0045,-0.0018,0.4286
A,T27P,1.21,yes,no,-0.3735,-0.0391,0.9764,0.1305,-0.1262,0.1406,0.0714,-0.0018,0.4286
A,T27R,0.66,yes,no,-0.2131,0.479,-0.3779,0.211,-0.0131,0.1941,-0.0497,-0.0018,0.4286
A,T27S,0.59,yes,no,-0.032,0.1654,-0.1744,-0.0503,0.0862,0.1705,0.0009,-0.0018,0.4286
A,T27W,0.76,yes,no,-0.2093,0.0624,-0.3876,0.6122,0.1169,0.1877,-0.0469,-0.0018,0.4286
A,T27Y,0.47,yes,no,-0.2542,0.0659,-0.5135,0.527,0.0862,0.1617,-0.0313,-0.0018,0.4286
A,T324A,0.24,yes,no,-0.0976,-0.1298,-0.2046,0.3703,-0.092,-0.1012,0.0692,-0.0018,0.4286
A,T324E,0.23,yes,no,-0.2283,0.036,-0.2854,0.4635,-0.0579,-0.1485,0.0226,-0.0018,0.4286
A,T324P,-0.85,yes,no,0.2766,0.213,-0.8133,-1.1846,0.2669,-0.0922,0.0612,-0.0018,0.4286
A,T324Q,0.24,yes,no,-0.1618,-0.1092,-0.1702,0.3954,-0.0905,-0.105,0.055,-0.0018,0.4286
A,T324S,0.06,yes,no,-0.0766,-0.0952,-0.3143,0.2767,-0.0812,-0.119,0.0471,-0.0018,0.4286
A,Y41R,2.35,yes,yes,-0.1616,0.086,0.9431,0.3758,0.6361,-0.1053,0.152,-0.0018,0.4286
A,Y83C,2.1,yes,yes,-0.3541,0.1304,0.8314,0.5904,0.3468,-0.1303,0.2611,-0.0018,0.4286
A,Y83L,1.4,yes,no,-0.2097,0.1286,-0.2024,0.7353,0.5178,0.007,-0.0076,-0.0018,0.4286
A,Y83V,2.09,yes,yes,-0.2873,0.105,0.9781,0.4688,0.348,-0.1768,0.2321,-0.0018,0.4286
A,D30F,0.63,yes,no,-0.1942,-0.0033,-0.2687,0.6367,-0.0555,0.0459,0.0417,-0.0018,0.4286
A,D355I,2.77,yes,yes,0.6715,-0.1494,1.0361,0.8776,0.3799,-0.5526,0.0758,-0.0018,0.4286
A,D355K,2.31,yes,yes,0.6064,-0.1577,1.0755,0.416,0.3536,-0.5262,0.1172,-0.0018,0.4286
A,D355P,2.2,yes,yes,0.4513,-0.0735,1.0388,0.5105,0.2583,-0.4919,0.0804,-0.0018,0.4286
A,D38C,1.02,yes,no,0.5299,-0.5877,0.0197,0.5442,-0.0684,-0.0386,0.1986,-0.0018,0.4286
A,D38R,0.57,yes,no,0.2613,-0.2112,-0.4349,0.4009,0.0511,-0.0303,0.1039,-0.0018,0.4286
A,D38W,0.69,yes,no,-0.2215,0.1228,-0.2184,0.5225,0.0817,-0.0317,0.0079,-0.0018,0.4286
A,D38Y,0.8,yes,no,0.2818,-0.1503,-0.2169,0.2781,0.1088,-0.0249,0.0945,-0.0018,0.4286
A,E37C,1.11,yes,no,-0.4043,-0.1988,0.8284,0.6257,-0.0491,-0.1905,0.0741,-0.0018,0.4286
A,E37F,0.92,yes,no,-0.4215,-0.2365,0.7633,0.5718,-0.0583,-0.1888,0.0625,-0.0018,0.4286
A,E37I,0.85,yes,no,-0.2292,-0.1801,-0.1539,0.886,0.2547,-0.0446,-0.109,-0.0018,0.4286
A,F28E,2.62,yes,yes,-0.3825,0.6139,1.0675,0.863,0.0766,-0.2671,0.2244,-0.0018,0.4286
A,F28G,1.3,yes,no,-0.2721,-0.3345,0.9481,0.633,0.1166,-0.2527,0.0325,-0.0018,0.4286
A,F28K,1.28,yes,no,-0.2904,-0.3338,0.8968,0.6235,0.1688,-0.252,0.045,-0.0018,0.4286
A,F28N,1.33,yes,no,-0.2767,-0.3164,0.8989,0.6448,0.1538,-0.2521,0.0476,-0.0018,0.4286
A,F28Q,1.39,yes,no,-0.3783,-0.1909,0.8952,0.6103,0.1708,-0.2566,0.1103,-0.0018,0.4286
A,G326C,0.24,yes,no,-0.2822,-0.1457,-0.3579,0.6286,0.062,-0.0342,-0.058,-0.0018,0.4286
A,G326F,1.43,yes,no,-0.302,-0.0088,0.9574,0.4239,0.03,-0.2385,0.1389,-0.0018,0.4286
A,G326H,0.54,yes,no,-0.2999,-0.2456,0.8823,0.1201,-0.0652,-0.3275,0.0467,-0.0018,0.4286
A,G354I,1.16,yes,no,-0.1925,-0.334,0.99,0.3821,0.0367,-0.2253,0.0773,-0.0018,0.4286
A,G354K,-0.06,yes,no,-0.4515,0.0991,0.8574,-0.981,0.0377,-0.1304,0.0832,-0.0018,0.4286
A,G354Q,0.54,yes,no,-0.4231,-0.2967,0.973,0.0912,-0.013,-0.2303,0.014,-0.0018,0.4286
A,H34F,0.62,yes,no,-0.062,0.3628,-0.4784,0.4738,-0.1377,0.0457,-0.0138,-0.0018,0.4286
A,K31P,2.18,yes,yes,0.5088,-0.1881,1.3187,0.1576,-0.1878,0.1919,-0.0442,-0.0018,0.4286
A,K353A,1.79,yes,yes,0.3429,-0.2783,0.8315,0.2722,-0.0455,0.2658,-0.0301,-0.0018,0.4286
A,K353D,1.6,yes,yes,-0.3414,0.1287,0.9811,0.0193,-0.0315,0.4177,0.0009,-0.0018,0.4286
A,K353G,1.07,yes,no,0.2657,-0.0826,-0.2769,0.438,0.1456,0.1425,0.0115,-0.0018,0.4286
A,K353H,0.96,yes,no,-0.2371,-0.1768,0.1482,0.2915,0.23,0.3079,-0.0322,-0.0018,0.4286
A,K353S,1.68,yes,yes,0.0797,-0.2571,1.0738,0.1032,-0.0465,0.3818,-0.0821,-0.0018,0.4286
A,K353V,2.24,yes,yes,0.4605,-0.232,1.2847,0.267,-0.0811,0.1809,-0.0639,-0.0018,0.4286
A,K353W,1.41,yes,no,-0.2036,-0.0615,-0.0452,0.888,0.3788,0.1618,-0.1384,-0.0018,0.4286
A,L45G,0.92,no,no,-0.443,-0.2737,0.9122,0.4106,-0.0412,-0.155,0.0809,-0.0018,0.4286
A,Q24F,1.17,yes,no,-0.4764,-0.1842,0.9466,0.4904,0.0167,-0.1292,0.0757,-0.0018,0.4286
A,Q24Y,1.41,yes,no,-0.3821,0.0109,0.944,0.4247,0.0208,-0.201,0.1675,-0.0018,0.4286
A,Q42W,0.7,yes,no,-0.1617,0.1189,-0.3012,0.7258,-0.1838,0.0728,0.0043,-0.0018,0.4286
A,R357A,1.83,no,yes,-0.2318,0.4758,0.8262,0.5743,-0.0578,-0.3271,0.1397,-0.0018,0.4286
A,R357D,2.22,no,yes,-0.2024,0.569,0.948,0.7292,-0.0997,-0.2764,0.1251,-0.0018,0.4286
A,R357E,1.8,yes,yes,-0.223,0.5092,0.9408,0.4921,-0.1169,-0.3314,0.1033,-0.0018,0.4286
A,R357F,2.34,yes,yes,-0.2069,0.7191,0.9494,0.7796,-0.1015,-0.3216,0.0918,-0.0018,0.4286
A,R357I,1.88,yes,yes,-0.1392,0.4028,0.7939,0.7301,-0.0774,-0.3367,0.0765,-0.0018,0.4286
A,R357N,1.84,no,yes,-0.1547,0.4557,0.9149,0.5104,-0.0757,-0.3541,0.1138,-0.0018,0.4286
A,R357P,2.05,no,yes,-0.2379,0.4518,0.9176,0.6977,-0.0895,-0.2383,0.126,-0.0018,0.4286
A,Y41I,2.62,yes,yes,0.6584,-0.1392,1.1721,0.0615,0.5976,-0.2892,0.1302,-0.0018,0.4286
A,Y83E,2.49,yes,yes,-0.2865,0.78,0.9047,0.4207,0.2455,-0.2049,0.2056,-0.0018,0.4286
A,Y83Q,2.15,yes,yes,-0.2914,0.1437,0.8217,0.5465,0.3567,-0.1107,0.2588,-0.0018,0.4286
A,A386C,0.32,yes,no,-0.1923,-0.1456,-0.1632,0.4884,-0.0198,-0.1246,0.0527,-0.0018,0.4286
A,A386E,0.25,yes,no,-0.2637,0.0375,-0.095,0.3209,-0.0442,-0.1478,0.0192,-0.0018,0.4286
A,A386Q,0.02,yes,no,-0.0495,-0.1229,-0.3184,0.2276,-0.0394,-0.1321,0.0304,-0.0018,0.4286
A,D30A,0.37,yes,no,-0.2044,-0.0495,-0.2209,0.3431,-0.0296,0.069,0.0369,-0.0018,0.4286
A,D30N,0.26,yes,no,-0.2845,0.264,-0.3569,0.2277,-0.0262,0.0621,-0.0531,-0.0018,0.4286
A,D30P,0.95,yes,no,-0.3398,-0.0978,1.0748,0.2148,-0.3407,-0.0623,0.0723,-0.0018,0.4286
A,D355M,1.62,yes,yes,0.0088,-0.238,0.9164,0.6473,0.2787,-0.4444,0.0248,-0.0018,0.4286
A,D38G,0.81,yes,no,-0.3056,-0.2235,0.9055,0.2287,-0.1703,-0.1436,0.0922,-0.0018,0.4286
A,E37G,1.16,no,no,-0.2842,-0.1494,0.918,0.473,-0.1104,-0.2153,0.0976,-0.0018,0.4286
A,E37K,0.83,yes,no,-0.0368,-0.0804,-0.0984,0.4619,0.1828,-0.0543,0.0322,-0.0018,0.4286
A,E37L,0.76,yes,no,-0.2453,-0.1799,-0.2261,0.9268,0.224,-0.0414,-0.1271,-0.0018,0.4286
A,E37M,1.01,yes,no,-0.2656,0.0802,-0.0717,0.6699,0.2484,-0.0609,-0.0211,-0.0018,0.4286
A,E37R,0.79,yes,no,-0.2831,-0.2988,0.8794,0.3378,-0.1107,-0.2174,0.056,-0.0018,0.4286
A,E37T,0.92,yes,no,-0.1227,-0.0569,0.0588,0.5025,0.1477,-0.0533,0.0191,-0.0018,0.4286
A,E37V,0.91,yes,no,-0.2135,-0.1453,0.0636,0.7147,0.1703,-0.0588,-0.0522,-0.0018,0.4286
A,F28C,1.11,yes,no,-0.36,-0.3508,0.8641,0.5873,0.1446,-0.2539,0.0486,-0.0018,0.4286
A,F28L,1.22,yes,no,-0.3049,-0.301,0.8115,0.5516,0.1958,-0.2651,0.1077,-0.0018,0.4286
A,F28T,1.54,yes,yes,-0.3313,-0.1131,0.9651,0.5859,0.1197,-0.229,0.1117,-0.0018,0.4286
A,F28V,1.22,yes,no,-0.3082,-0.3645,0.9284,0.5897,0.123,-0.2273,0.0482,-0.0018,0.4286
A,G326T,-0.7,yes,no,-0.3883,-0.1373,-0.3736,-0.076,0.0654,-0.1225,-0.0948,-0.0018,0.4286
A,G326W,1.58,yes,yes,-0.2853,0.0514,0.8672,0.4554,0.1096,-0.2077,0.1632,-0.0018,0.4286
A,G326Y,1.35,yes,no,-0.2828,0.0527,0.8476,0.3341,0.053,-0.2141,0.1332,-0.0018,0.4286
A,G354Y,1.58,yes,yes,-0.1566,0.0581,0.9049,0.419,0.0681,-0.258,0.1173,-0.0018,0.4286
A,H34K,0.21,yes,no,0.209,0.4861,-0.2366,-0.8304,-0.0313,0.1626,0.024,-0.0018,0.4286
A,H34Q,0.05,yes,no,0.1596,0.0888,-0.4987,-0.0139,-0.2152,0.0733,0.0267,-0.0018,0.4286
A,K31M,0.5,yes,no,-0.0868,-0.1403,-0.4458,0.3711,0.292,0.1521,-0.0738,-0.0018,0.4286
A,K353E,2.1,yes,yes,-0.3868,0.5995,0.9203,0.0216,0.0877,0.386,0.0432,-0.0018,0.4286
A,K353R,0.15,yes,no,-0.2761,-0.1025,-0.1119,-0.1545,0.2274,0.1621,-0.026,-0.0018,0.4286
A,L45K,0.67,yes,no,-0.0584,-0.1548,-0.1007,0.3839,0.1956,-0.049,0.0283,-0.0018,0.4286
A,L79G,0.59,yes,no,-0.3663,-0.2019,1.0144,0.0117,-0.2037,-0.1691,0.0761,-0.0018,0.4286
A,M82P,1.25,yes,no,0.0329,-0.1428,1.1239,0.0242,-0.4086,0.2747,-0.0841,-0.0018,0.4286
A,N330D,1.44,yes,no,0.2214,0.6627,-0.0677,0.3996,-0.2084,-0.0668,0.0681,-0.0018,0.4286
A,N330R,0.47,yes,no,0.1939,-0.0495,-0.4802,0.4406,-0.083,-0.0391,0.0556,-0.0018,0.4286
A,Q24K,0.75,yes,no,-0.2294,0.1857,-0.1958,0.3565,0.2304,-0.0293,0.0088,-0.0018,0.4286
A,Q325S,0.3,yes,no,0.0409,-0.1037,-0.3019,0.4825,-0.3201,0.0499,0.0219,-0.0018,0.4286
A,R357G,2.36,no,yes,-0.2021,0.5023,1.0729,0.7235,-0.0869,-0.2407,0.1666,-0.0018,0.4286
A,R393S,1.38,no,no,-0.2209,0.1474,0.8176,0.5796,-0.2111,-0.2832,0.1235,-0.0018,0.4286
A,S19L,0.17,yes,no,-0.1426,-0.1288,-0.0955,0.3064,-0.33,0.064,0.0655,-0.0018,0.4286
A,S19N,0.09,yes,no,-0.1003,-0.0871,-0.1852,0.1292,-0.2244,0.0759,0.0508,-0.0018,0.4286
A,T324G,0.61,no,no,0.0459,-0.0264,-0.1658,0.5052,-0.1028,-0.1391,0.0633,-0.0018,0.4286
A,Y41A,2.65,yes,yes,0.7103,-0.0911,1.0381,0.073,0.6134,-0.2839,0.1613,-0.0018,0.4286
A,Y41M,1.76,yes,yes,-0.4157,-0.4017,0.9169,0.4029,0.7043,-0.0415,0.1634,-0.0018,0.4286
A,Y41W,1.87,yes,yes,-0.3173,-0.2738,0.9001,0.4323,0.6356,-0.0756,0.1414,-0.0018,0.4286
A,Y83D,2.48,yes,yes,-0.2856,0.7659,0.9032,0.421,0.24,-0.2061,0.2101,-0.0018,0.4286
A,Y83R,1.98,yes,yes,-0.1397,-0.0496,0.9398,0.5383,0.2717,-0.1173,0.1139,-0.0018,0.4286
E,E484K,0.16,yes,no,-0.055,-0.0744,-0.1597,0.1466,-0.2677,0.1247,0.0202,-0.0018,0.4286
E,E484Q,0.11,yes,no,-0.0279,-0.1037,-0.2037,0.1604,-0.2871,0.1256,0.0146,-0.0018,0.4286
E,E484R,0.13,yes,no,0.191,-0.2571,-0.2422,0.1439,-0.2881,0.1282,0.0289,-0.0018,0.4286
E,E484T,0.04,yes,no,-0.0674,-0.1204,-0.1433,0.0387,-0.2242,0.1123,0.0223,-0.0018,0.4286
E,F490A,0.34,yes,no,0.3788,0.0183,0.3348,-0.6838,-0.1302,-0.0758,0.0676,-0.0018,0.4286
E,F490K,-0.02,yes,no,-0.093,-0.105,-0.1453,0.1342,-0.2066,-0.0024,-0.0279,-0.0018,0.4286
E,F490N,0.37,yes,no,-0.0473,-0.0583,-0.002,0.2317,-0.1657,0.0097,-0.0246,-0.0018,0.4286
E,F490R,0.27,yes,no,0.3458,-0.1139,-0.148,0.1527,-0.3674,-0.047,0.0214,-0.0018,0.4286
E,F490Y,0.03,yes,no,0.2276,-0.018,-0.2596,0.108,-0.3514,-0.0531,-0.0485,-0.0018,0.4286
E,L455M,0.2,yes,no,-0.1237,-0.173,-0.2171,-0.1917,0.4686,0.0036,0.0094,-0.0018,0.4286
E,N501F,0.63,yes,no,-0.253,0.1185,0.6049,-0.1453,-0.0079,-0.2494,0.1378,-0.0018,0.4286
E,N501T,-0.61,yes,no,0.2496,0.1576,-0.0753,-1.1095,-0.2394,-0.0405,0.0187,-0.0018,0.4286
E,N501V,-0.15,yes,no,-0.3194,-0.1478,-0.0995,0.0345,0.0426,-0.0601,-0.027,-0.0018,0.4286
E,N501W,1.48,yes,no,-0.1797,0.3721,0.7513,0.2917,-0.02,-0.3299,0.1695,-0.0018,0.4286
E,N501Y,0.65,yes,no,-0.3731,-0.2846,0.8288,0.0676,0.0755,-0.1885,0.0964,-0.0018,0.4286
E,Q493A,0.54,yes,no,0.1292,-0.039,-0.2239,-0.0454,0.2764,0.0392,-0.0224,-0.0018,0.4286
E,Q493F,-0.05,yes,no,-0.3897,-0.1462,-0.3549,0.3842,0.0703,0.0088,-0.0482,-0.0018,0.4286
E,Q493G,0.98,yes,no,0.3303,-0.0333,-0.1938,0.0925,0.2916,0.0605,0.0029,-0.0018,0.4286
E,Q493K,0.12,yes,no,0.0049,-0.0592,-0.502,0.0752,0.1395,0.0479,-0.0173,-0.0018,0.4286
E,Q493L,0.02,yes,no,-0.0624,-0.1022,-0.4546,0.0521,0.1463,0.033,-0.0216,-0.0018,0.4286
E,Q493M,-0.02,yes,no,-0.2989,-0.14,-0.3567,0.1717,0.1098,0.0809,-0.0119,-0.0018,0.4286
E,Q493V,0.41,yes,no,-0.0666,-0.0791,-0.1343,-0.0092,0.2584,0.0701,-0.0525,-0.0018,0.4286
E,Q493Y,-0.07,yes,no,-0.3262,-0.1572,-0.3753,0.3087,0.0653,0.0264,-0.0373,-0.0018,0.4286
E,Q498F,-1.65,yes,yes,-0.4049,-0.1606,-1.7371,0.0636,0.1065,-0.041,0.0985,-0.0018,0.4286
E,Q498H,0.32,yes,no,-0.3937,0.0072,-0.1057,0.0465,0.3622,0.0029,-0.0237,-0.0018,0.4286
E,Q498W,0.55,yes,no,-0.3283,-0.2248,-0.0382,0.3327,0.3672,-0.0258,0.0368,-0.0018,0.4286
E,Q498Y,-1.84,yes,yes,-0.5935,0.1822,-0.9473,-0.8959,-0.2034,0.0835,0.1122,-0.0018,0.4286
E,S477D,0.2,yes,no,-0.1251,0.045,-0.1756,0.2025,-0.2817,0.0795,0.0243,-0.0018,0.4286
E,S477K,0.18,yes,no,-0.0861,-0.0426,-0.1602,0.1664,-0.2567,0.1023,0.0307,-0.0018,0.4286
E,S477N,-0.11,yes,no,0.0531,0.0321,-0.0245,-0.8664,0.0374,0.1687,0.0668,-0.0018,0.4286
E,S477P,-0.2,yes,no,-0.3191,-0.1405,-0.3031,0.1162,-0.1714,0.1441,0.0467,-0.0018,0.4286
E,S477W,0.16,yes,no,-0.1272,-0.1041,-0.1279,0.2339,-0.2731,0.0964,0.0352,-0.0018,0.4286
E,V445K,-0.3,yes,no,0.0489,-0.0805,-0.2811,-0.7806,0.0941,0.2075,0.0617,-0.0018,0.4286
E,V445P,-0.03,yes,no,-0.0902,-0.0676,-0.4032,0.0854,-0.1214,0.1181,0.023,-0.0018,0.4286
E,V503I,0.07,yes,no,-0.0517,-0.1121,-0.2766,0.2632,-0.1863,0.0031,0.0027,-0.0018,0.4286
E,V503K,0.12,yes,no,-0.1174,-0.0585,-0.2458,0.3706,-0.26,-0.0063,0.0087,-0.0018,0.4286
E,V503L,0.07,yes,no,-0.0899,-0.0724,-0.2617,0.2774,-0.2245,0.0076,0.0088,-0.0018,0.4286
E,V503M,0.08,yes,no,-0.0899,-0.0769,-0.2731,0.2817,-0.2078,0.0104,0.0116,-0.0018,0.4286
E,V503R,0.11,yes,no,-0.1113,-0.0456,-0.2605,0.3465,-0.2539,-0.0017,0.0132,-0.0018,0.4286
E,Y453F,-0.19,yes,no,0.071,-0.0718,-0.5171,-0.0071,0.072,-0.1316,-0.0344,-0.0018,0.4286
E,Y453K,0.73,yes,no,-0.077,-0.1135,0.1014,0.2588,0.1603,-0.0631,0.0346,-0.0018,0.4286
E,Y505W,0.5,yes,no,-0.2535,0.183,-0.1446,0.1528,0.0174,0.1341,-0.0129,-0.0018,0.4286
E,G502A,1.42,yes,no,0.0024,-0.207,1.0154,0.154,0.0615,-0.2026,0.1671,-0.0018,0.4286
E,G502E,1.34,yes,no,-0.2857,0.1274,0.8767,0.2005,0.0279,-0.2098,0.1792,-0.0018,0.4286
E,G502F,1.05,yes,no,-0.4113,-0.2872,0.9377,0.3185,0.0225,-0.1242,0.1626,-0.0018,0.4286
E,G502I,0.76,yes,no,-0.3998,-0.2864,0.8468,0.2035,0.0058,-0.1603,0.1198,-0.0018,0.4286
E,G502K,0.97,yes,no,-0.3874,-0.2855,0.9309,0.2542,0.0438,-0.1466,0.1374,-0.0018,0.4286
E,G502L,0.98,yes,no,-0.477,-0.267,0.8806,0.3306,0.0393,-0.1287,0.1773,-0.0018,0.4286
E,G502M,1.2,yes,no,-0.3487,-0.2556,0.9229,0.4282,0.0526,-0.2096,0.1816,-0.0018,0.4286
E,G502N,1.09,yes,no,-0.3094,-0.2413,0.9428,0.2043,0.0477,-0.1553,0.173,-0.0018,0.4286
E,G502V,1.01,yes,no,-0.0867,-0.2717,0.9054,0.1002,0.0262,-0.1842,0.0923,-0.0018,0.4286
E,N487P,1.83,yes,yes,0.0861,0.1843,1.0589,0.0794,0.0634,-0.2033,0.1347,-0.0018,0.4286
E,Q498P,0.92,yes,no,-0.1084,0.1388,-0.1873,0.1916,0.4306,0.0226,0.0016,-0.0018,0.4286
E,R403W,0.68,yes,no,-0.1236,0.417,-0.1361,0.5143,-0.2073,-0.1416,-0.0698,-0.0018,0.4286
E,Y453D,1.23,yes,no,-0.2878,0.1033,0.8623,0.1631,0.0023,-0.217,0.181,-0.0018,0.4286
E,Y453P,0.78,yes,no,-0.271,-0.2538,0.8657,0.0909,-0.0384,-0.161,0.1252,-0.0018,0.4286
E,Y473D,0.9,yes,no,-0.1902,0.0475,0.9557,0.3102,-0.5068,-0.2672,0.1192,-0.0018,0.4286
E,Y473K,0.45,yes,no,-0.2354,-0.0582,0.12,0.4546,-0.2137,-0.0564,0.016,-0.0018,0.4286
E,Y489E,2.0,yes,yes,0.7004,0.0546,0.9507,0.0329,-0.1205,-0.2143,0.1722,-0.0018,0.4286
E,Y489S,1.89,yes,yes,0.8625,-0.2831,0.83,0.1024,-0.0828,-0.1053,0.1381,-0.0018,0.4286
E,Y505D,2.05,yes,yes,0.6261,0.2929,0.8977,-0.2395,-0.266,0.199,0.1115,-0.0018,0.4286
E,Y505G,1.11,yes,no,0.6412,-0.283,0.7346,-0.7607,-0.0593,0.3043,0.1052,-0.0018,0.4286
E,Y505P,1.47,yes,no,0.3795,-0.2251,0.7986,-0.1017,-0.1788,0.3207,0.0535,-0.0018,0.4286
E,E484S,-0.02,yes,no,0.0308,0.0424,0.0834,-0.8096,-0.0185,0.17,0.0512,-0.0018,0.4286
E,F456V,1.19,yes,no,0.0813,0.4927,0.971,-0.6668,-0.0686,-0.1672,0.1172,-0.0018,0.4286
E,F490M,0.09,yes,no,-0.0871,-0.0794,-0.1486,0.1994,-0.1892,0.0113,-0.0437,-0.0018,0.4286
E,G446S,-0.18,yes,no,-0.1465,0.0327,0.9749,-1.3993,-0.0404,-0.1225,0.0931,-0.0018,0.4286
E,G476L,1.1,yes,no,-0.2767,0.0609,0.7613,0.1996,-0.0152,-0.2036,0.1454,-0.0018,0.4286
E,G476S,0.58,yes,no,-0.3763,-0.1654,0.9787,-0.1124,-0.0362,-0.2876,0.1539,-0.0018,0.4286
E,K417G,0.64,no,no,-0.2189,0.663,-0.0481,0.1707,-0.2495,-0.0366,-0.0661,-0.0018,0.4286
E,L455P,2.47,yes,yes,0.634,-0.3456,1.1084,0.2383,0.6096,-0.2846,0.0814,-0.0018,0.4286
E,N487D,1.22,yes,no,0.2003,0.2335,-0.2875,0.3598,0.3325,-0.0683,0.0217,-0.0018,0.4286
E,N487Q,1.39,yes,no,-0.3962,0.0891,0.9764,0.1497,0.0867,-0.2018,0.2568,-0.0018,0.4286
E,N501C,-0.13,yes,no,0.0494,-0.0472,-0.3104,-0.1316,0.0654,-0.1441,-0.0363,-0.0018,0.4286
E,N501Q,0.87,yes,no,-0.21,-0.0405,0.4124,0.141,0.1486,-0.08,0.0733,-0.0018,0.4286
E,N501S,-0.4,yes,no,0.3108,0.1818,-0.0886,-0.99,-0.2049,-0.0502,0.0183,-0.0018,0.4286
E,T500L,0.47,yes,no,-0.1983,0.1799,-0.5053,0.4415,0.0382,0.13,-0.0404,-0.0018,0.4286
E,T500S,0.39,yes,no,-0.0621,-0.0007,-0.217,0.0409,0.0818,0.1286,-0.0106,-0.0018,0.4286
E,V445Q,0.09,yes,no,-0.0273,-0.0661,-0.2458,0.0968,-0.2408,0.1437,0.0057,-0.0018,0.4286
E,Y453E,1.43,yes,no,-0.3081,0.2167,0.9722,0.1278,0.0139,-0.221,0.2032,-0.0018,0.4286
E,Y489A,2.23,yes,yes,0.8966,-0.2799,1.1665,0.1494,-0.1509,-0.1036,0.1277,-0.0018,0.4286
E,Y489F,0.28,yes,no,0.0174,-0.0871,-0.4094,0.0421,0.1532,0.1612,-0.0229,-0.0018,0.4286
E,Y505C,0.8,yes,no,0.2737,-0.0334,-0.1088,0.0947,-0.003,0.1425,0.0102,-0.0018,0.4286
E,Y505M,0.93,yes,no,0.3077,0.0279,-0.0003,-0.0364,0.0033,0.1617,0.0361,-0.0018,0.4286
