#case_id,haddock-score
A386C,-140.9137
A386E,-145.1219
A386I,-147.1005
A386L,-145.1457
A386M,-144.8721
A386Q,-147.7092
D30A,-134.5302
D30E,-142.2517
D30F,-138.1202
D30I,-137.5833
D30N,-130.6519
D30P,-134.3341
D30T,-129.8413
D30V,-135.0268
D355I,-135.493
D355K,-145.0028
D355M,-141.9092
D355P,-145.0545
D38C,-143.6761
D38G,-139.0912
D38R,-151.1753
D38W,-156.2702
D38Y,-148.0226
E35A,-148.7833
E35C,-147.6777
E35D,-144.1225
E35M,-146.3044
E35Q,-147.2702
E35V,-148.2937
E37C,-142.3871
E37F,-144.7198
E37G,-141.1963
E37I,-143.6834
E37K,-140.836
E37L,-143.9413
E37M,-148.4162
E37R,-140.3584
E37T,-139.1441
E37V,-146.0104
E484K,-139.9322
E484Q,-140.9859
E484R,-142.2235
E484S,-141.7182
E484T,-139.7879
F28C,-139.5276
F28E,-141.3488
F28G,-143.5934
F28K,-141.5248
F28L,-144.3991
F28N,-142.937
F28Q,-142.8559
F28T,-138.6489
F28V,-142.1116
F28Y,-147.656
F456V,-138.7478
F490A,-144.4199
F490K,-143.2369
F490M,-146.4047
F490N,-145.1701
F490R,-148.8097
F490Y,-144.1918
G326C,-145.9537
G326F,-161.7922
G326H,-153.822
G326T,-149.8454
G326W,-160.8401
G326Y,-154.3347
G354I,-150.4851
G354K,-147.5727
G354Q,-152.8967
G354Y,-156.4765
G446S,-148.4842
G476L,-146.726
G476S,-143.0553
G502A,-146.5295
G502E,-150.809
G502F,-170.0137
G502I,-146.5759
G502K,-152.9024
G502L,-148.4927
G502M,-150.2127
G502N,-145.1212
G502V,-150.4833
H34A,-137.5676
H34F,-149.3937
H34K,-139.616
H34P,-136.9552
H34Q,-141.3672
H34S,-132.4076
H34V,-140.1748
K31F,-158.0052
K31M,-143.3435
K31P,-134.8078
K31W,-164.9973
K31Y,-156.1987
K353A,-140.0296
K353D,-145.4412
K353E,-145.1506
K353G,-142.5604
K353H,-151.6001
K353R,-143.6564
K353S,-140.9347
K353V,-138.697
K353W,-156.8372
K417G,-134.8982
L455M,-139.9441
L455P,-150.4818
L45G,-140.3566
L45I,-145.0367
L45K,-138.704
L79F,-148.3731
L79G,-140.7688
L79I,-141.1065
L79M,-144.0257
L79P,-140.5284
L79R,-145.3494
L79T,-141.0652
L79V,-139.7813
L79W,-148.2392
L79Y,-152.1119
M82C,-142.6039
M82G,-140.1613
M82L,-144.7571
M82P,-139.7225
M82R,-139.8711
N330D,-141.543
N330F,-150.2311
N330H,-142.3703
N330L,-143.6515
N330Q,-140.5973
N330R,-144.1515
N330W,-147.2938
N330Y,-146.8372
N487D,-147.8295
N487P,-138.5995
N487Q,-142.3045
N501C,-151.0671
N501F,-147.7406
N501Q,-144.4067
N501S,-149.9549
N501T,-142.6703
N501V,-146.8582
N501W,-161.9985
N501Y,-141.945
Q24F,-149.2206
Q24K,-138.7759
Q24T,-137.1918
Q24Y,-146.5932
Q325G,-141.4589
Q325H,-141.1761
Q325P,-143.0999
Q325S,-142.3792
Q325T,-143.1846
Q325Y,-141.7556
Q42C,-141.0326
Q42H,-148.7796
Q42I,-142.3048
Q42K,-147.2606
Q42L,-144.383
Q42M,-141.8309
Q42R,-143.7737
Q42T,-136.1869
Q42V,-140.4798
Q42W,-150.9493
Q493A,-137.7131
Q493F,-152.4924
Q493G,-138.1079
Q493K,-154.6224
Q493L,-144.0981
Q493M,-141.579
Q493V,-144.4406
Q493Y,-143.1121
Q498F,-151.0288
Q498H,-149.8178
Q498P,-141.4353
Q498W,-153.2692
Q498Y,-153.2479
R357A,-141.2138
R357D,-139.3603
R357E,-139.3299
R357F,-143.0295
R357G,-140.4535
R357I,-137.4671
R357N,-139.9715
R357P,-138.8045
R393A,-141.7012
R393H,-143.1654
R393K,-145.0561
R393M,-141.2268
R393S,-143.472
R403W,-148.0516
S19F,-144.2561
S19I,-146.1833
S19L,-142.2665
S19N,-140.2542
S19P,-146.8223
S19T,-138.9827
S19V,-145.0665
S19W,-145.2854
S19Y,-144.9218
S477D,-142.5051
S477K,-144.7327
S477N,-142.2395
S477P,-147.2414
S477W,-152.2622
T27A,-137.4314
T27C,-140.2837
T27D,-143.1542
T27F,-155.4096
T27H,-151.9707
T27K,-143.106
T27L,-143.1505
T27M,-140.8126
T27P,-142.0001
T27R,-146.4771
T27S,-146.5226
T27W,-160.4843
T27Y,-150.3857
T324A,-141.6948
T324E,-150.582
T324G,-137.0814
T324P,-142.3725
T324Q,-145.0142
T324S,-141.4764
T500L,-151.9196
T500S,-145.0548
V445K,-145.3841
V445P,-156.7229
V445Q,-144.1425
V503I,-148.3725
V503K,-149.8058
V503L,-145.8873
V503M,-149.1628
V503R,-144.9394
WT,-143.8481
Y41A,-136.9493
Y41I,-138.6884
Y41M,-140.7129
Y41R,-141.4653
Y41W,-143.1964
Y453D,-146.162
Y453E,-145.6488
Y453F,-142.8576
Y453K,-147.9192
Y453P,-149.7434
Y473D,-144.498
Y473K,-150.6099
Y489A,-126.6427
Y489E,-137.7901
Y489F,-149.6353
Y489S,-131.4313
Y505C,-138.9163
Y505D,-139.8176
Y505G,-140.3354
Y505M,-138.4013
Y505P,-133.5917
Y505W,-149.4118
Y83C,-136.9387
Y83D,-138.8713
Y83E,-133.8088
Y83L,-142.4068
Y83Q,-134.6492
Y83R,-137.7006
Y83V,-136.5767
