#case_id,RBD_bind_avg,RBD_expr_avg
E484K,0.06,-0.1
E484Q,0.03,-0.08
E484R,0.15,-0.12
E484S,-0.02,-0.18
E484T,0.05,-0.03
F456V,-0.61,-0.16
F490A,0.03,0.03
F490K,0.09,-0.07
F490M,-0.03,-0.2
F490N,0.02,0.03
F490R,0.01,-0.05
F490Y,0.06,0.1
G446S,-0.2,-0.4
G476L,-2.51,-1.62
G476S,-0.02,-0.06
G502A,-2.8,0.08
G502E,-4.67,0.54
G502F,-4.8,-0.19
G502I,-4.66,0.03
G502K,-4.16,0.24
G502L,-4.8,-0.16
G502M,-4.8,-0.09
G502N,-4.38,0.25
G502V,-4.8,0.1
K417G,-0.51,-0.27
L455M,0.05,0.31
L455P,-0.95,0.13
N487D,-1.08,0.07
N487P,-2.64,-1.34
N487Q,-2.09,0.15
N501C,-0.58,-0.47
N501F,0.29,-0.1
N501Q,-0.06,0.14
N501S,-0.13,-0.03
N501T,0.1,-0.25
N501V,0.15,-0.19
N501W,0.11,0.1
N501Y,0.24,-0.14
Q493A,0.13,0.06
Q493F,0.06,-0.74
Q493G,0.01,-0.08
Q493K,0.05,0.03
Q493L,0.05,-0.44
Q493M,0.18,-0.07
Q493V,0.05,-0.1
Q493Y,0.12,-0.97
Q498F,0.15,0.05
Q498H,0.3,0.16
Q498P,-3.14,-1.29
Q498W,0.07,-0.41
Q498Y,0.16,0.06
R403W,-2.82,-2.06
S477D,0.09,0.12
S477K,0.03,-0.26
S477N,0.06,0.06
S477P,0.06,-0.03
S477W,0.02,-0.43
T500L,-1.52,-0.29
T500S,-0.32,0
V445K,0.02,0.03
V445P,0.03,0.05
V445Q,-0.04,-0.05
V503I,0.05,-0.05
V503K,0.1,0.01
V503L,0.03,0.04
V503M,0.1,-0.12
V503R,0.01,-0.15
Y453D,-3.49,-2.28
Y453E,-1.18,-1.92
Y453F,0.25,-0.08
Y453K,0.08,-0.23
Y453P,-4.8,-2.56
Y473D,-2.72,-0.65
Y473K,-2.59,-1.26
Y489A,-2.46,-0.31
Y489E,-3.98,-0.28
Y489F,-0.95,-0.12
Y489S,-4.8,0.06
Y505C,-2.36,0.12
Y505D,-3.07,0.41
Y505G,-4.65,0.37
Y505M,-2.32,0.07
Y505P,-4.09,-1.09
Y505W,0.13,-0.04
