#case_id,exp_binding,protein,haddock-ddg,foldx-ddg,foldxwater-ddg,evoef1-ddg,mutabind2-ddg,ssipe-ddg,mcsm2-ddg,topnettree-ddg
A386C,-0.66,ACE2,2.93,0.00,0.00,-0.04,0.32,0.19,-0.10,
A386E,-0.86,ACE2,-1.27,0.16,0.20,0.05,0.25,0.22,0.56,
A386I,1.65,ACE2,-3.25,-0.22,-0.26,-0.01,0.28,0.20,0.28,
A386L,2.68,ACE2,-1.30,0.12,-0.39,-0.12,0.30,0.16,0.31,
A386M,0.32,ACE2,-1.02,-0.06,-0.08,-0.12,0.20,0.16,0.08,
A386Q,-1.59,ACE2,-3.86,0.01,-0.08,0.01,0.02,0.21,0.35,
D30A,-1.59,ACE2,9.32,1.47,1.50,1.23,0.37,0.85,-0.22,
D30E,2.29,ACE2,1.60,0.01,0.70,0.25,-0.07,0.71,0.71,
D30F,-3.07,ACE2,5.73,0.23,1.46,1.24,0.63,0.19,-0.02,
D30I,1.62,ACE2,6.26,0.00,0.57,0.74,0.53,0.40,-0.19,
D30N,-1.43,ACE2,13.20,-0.91,0.12,0.14,0.26,0.84,-0.48,
D30P,-1.92,ACE2,9.51,-0.30,1.83,1.25,0.95,2.07,0.10,
D30T,0.54,ACE2,14.01,-0.67,0.30,0.72,0.38,0.26,-0.39,
D30V,1.24,ACE2,8.82,-1.18,0.07,0.61,0.62,0.21,-0.20,
D355I,-2.55,ACE2,8.36,1.92,1.71,0.52,2.77,0.47,-1.46,
D355K,-3.01,ACE2,-1.15,1.39,1.11,0.85,2.31,1.34,-1.96,
D355M,-2.12,ACE2,1.94,1.23,1.03,0.78,1.62,0.30,-1.62,
D355P,-2.44,ACE2,-1.21,3.42,3.26,0.32,2.20,1.88,-1.95,
D38C,-2.35,ACE2,0.17,1.86,2.64,1.22,1.02,0.57,-1.01,
D38G,-1.54,ACE2,4.76,1.66,1.11,1.36,0.81,0.90,-1.00,
D38R,-2.37,ACE2,-7.33,2.03,0.95,0.28,0.57,0.74,-1.52,
D38W,-2.41,ACE2,-12.42,2.79,0.52,0.56,0.69,-0.28,-0.08,
D38Y,-2.53,ACE2,-4.17,1.00,0.95,1.09,0.80,0.02,-0.10,
E35A,0.59,ACE2,-4.94,-0.14,-0.21,-0.10,0.56,0.53,-0.73,
E35C,1.79,ACE2,-3.83,-0.16,-0.22,-0.14,0.59,0.23,-0.48,
E35D,1.41,ACE2,-0.27,0.03,0.06,-0.04,0.52,0.85,-0.04,
E35M,1.04,ACE2,-2.46,-0.11,-0.16,-0.13,0.17,-0.03,-0.28,
E35Q,0.32,ACE2,-3.42,-0.17,-0.26,-0.32,0.07,0.96,-0.61,
E35V,1.74,ACE2,-4.45,-0.23,-0.30,-0.14,0.45,0.09,-0.36,
E37C,-2.86,ACE2,1.46,2.33,2.65,0.55,1.11,0.55,-0.85,
E37F,-2.58,ACE2,-0.87,1.99,2.79,0.59,0.92,0.18,0.01,
E37G,-1.64,ACE2,2.65,2.54,2.40,0.62,1.16,0.85,-0.82,
E37I,-2.75,ACE2,0.16,1.87,2.16,0.50,0.85,0.53,-0.03,
E37K,-1.35,ACE2,3.01,1.06,2.00,-0.31,0.83,1.12,-1.08,
E37L,-1.12,ACE2,-0.09,1.52,1.66,0.22,0.76,-0.30,-0.45,
E37M,-1.19,ACE2,-4.57,2.22,2.41,0.02,1.01,0.10,-0.63,
E37R,-1.95,ACE2,3.49,1.48,0.95,-0.60,0.79,0.62,-1.04,
E37T,-1.14,ACE2,4.70,2.15,1.64,0.52,0.92,0.40,-0.82,
E37V,-1.50,ACE2,-2.16,1.43,2.15,0.51,0.91,0.40,-0.68,
F28C,-1.93,ACE2,4.32,-0.18,-0.36,0.15,1.11,1.02,-1.90,
F28E,-3.29,ACE2,2.50,-2.26,-2.63,0.16,2.62,1.63,-2.13,
F28G,-2.46,ACE2,0.25,-0.01,-0.12,0.15,1.30,1.30,-2.23,
F28K,-3.34,ACE2,2.32,-0.01,-0.18,0.15,1.28,1.71,-1.97,
F28L,-1.53,ACE2,-0.55,-0.41,-0.39,0.03,1.22,0.24,-1.92,
F28N,-2.43,ACE2,0.91,-1.16,-1.38,-0.40,1.33,1.46,-1.69,
F28Q,-2.36,ACE2,0.99,-0.16,-0.17,0.15,1.39,1.91,-1.78,
F28T,-1.78,ACE2,5.20,-0.01,-0.12,0.56,1.54,1.03,-1.67,
F28V,-2.05,ACE2,1.74,-0.44,-0.13,0.17,1.22,0.89,-2.06,
F28Y,0.80,ACE2,-3.81,-0.03,-0.18,-0.22,0.99,0.51,0.39,
G326C,-2.89,ACE2,-2.11,-0.30,-0.32,-0.24,0.24,0.12,-0.23,
G326F,-2.49,ACE2,-17.94,4.63,4.67,1.81,1.43,0.88,-0.34,
G326H,-2.61,ACE2,-9.97,2.59,2.56,-0.28,0.54,0.18,-0.29,
G326T,-1.75,ACE2,-6.00,-0.31,-0.87,-0.45,-0.70,0.08,-0.07,
G326W,-2.10,ACE2,-16.99,6.17,0.50,1.55,1.58,0.88,-0.34,
G326Y,-1.97,ACE2,-10.49,4.19,4.03,5.02,1.35,2.00,-0.08,
G354I,-2.50,ACE2,-6.64,1.97,1.87,-1.03,1.16,0.25,-1.46,
G354K,-3.24,ACE2,-3.72,0.70,0.80,-0.67,-0.06,1.13,-0.77,
G354Q,-2.50,ACE2,-9.05,-0.04,-0.08,1.15,0.54,1.85,-1.14,
G354Y,-1.75,ACE2,-12.63,0.89,1.08,-2.88,1.58,-0.84,-0.86,
H34A,3.17,ACE2,6.28,0.57,0.43,0.35,0.91,0.92,-0.35,
H34F,-2.43,ACE2,-5.55,-1.52,-2.10,-0.74,0.62,-0.11,-0.27,
H34K,-1.86,ACE2,4.23,-0.60,0.37,-0.38,0.21,1.16,-0.09,
H34P,2.66,ACE2,6.89,0.42,1.83,0.05,0.93,2.03,-0.49,
H34Q,-1.60,ACE2,2.48,0.53,0.78,0.10,0.05,1.31,0.09,
H34S,1.69,ACE2,11.44,0.36,0.62,-0.43,0.68,1.00,-0.52,
H34V,2.87,ACE2,3.67,0.35,0.67,-0.47,0.38,0.22,-0.60,
K31F,0.75,ACE2,-14.16,-1.27,-1.42,-0.04,0.59,-0.35,0.08,
K31M,-0.43,ACE2,0.50,-1.34,-0.25,-0.72,0.50,-0.49,-0.87,
K31P,-2.73,ACE2,9.04,2.57,2.57,0.62,2.18,1.74,-0.96,
K31W,2.56,ACE2,-21.15,-0.24,-0.61,0.10,0.99,-0.53,-0.15,
K31Y,1.85,ACE2,-12.35,-1.79,-2.54,-1.31,0.30,-0.88,0.01,
K353A,-2.66,ACE2,3.82,2.36,1.69,0.97,1.79,0.68,-1.54,
K353D,-2.44,ACE2,-1.59,2.22,2.39,1.06,1.60,1.03,-1.79,
K353E,-1.29,ACE2,-1.30,3.21,2.94,0.68,2.10,0.77,-1.60,
K353G,-2.52,ACE2,1.29,2.47,1.72,1.66,1.07,0.91,-2.06,
K353H,-2.57,ACE2,-7.75,3.41,3.24,0.26,0.96,0.46,0.36,
K353R,-1.44,ACE2,0.19,2.49,-0.32,0.71,0.15,0.80,-0.45,
K353S,-2.53,ACE2,2.91,3.00,2.15,1.25,1.68,1.09,-1.54,
K353V,-2.52,ACE2,5.15,5.08,4.79,0.78,2.24,0.18,-1.64,
K353W,-2.72,ACE2,-12.99,1.75,1.45,1.20,1.41,-0.10,-1.42,
L45G,-2.48,ACE2,3.49,0.44,0.42,0.15,0.92,0.26,-0.54,
L45I,0.20,ACE2,-1.19,0.19,0.23,0.01,0.38,0.21,-0.40,
L45K,-2.14,ACE2,5.14,0.22,0.00,-1.19,0.67,-0.10,-0.25,
L79F,2.68,ACE2,-4.53,-0.28,-0.46,-0.50,0.16,0.76,-0.04,
L79G,-0.87,ACE2,3.08,1.14,1.01,0.84,0.59,1.85,-0.90,
L79I,2.90,ACE2,2.74,0.17,0.16,0.58,0.27,1.48,-0.49,
L79M,1.03,ACE2,-0.18,-0.08,-0.09,-0.14,-0.19,0.96,-0.10,
L79P,1.86,ACE2,3.32,1.24,1.14,0.82,0.91,3.05,-1.25,
L79R,1.06,ACE2,-1.50,0.47,0.53,-0.86,-0.89,1.88,-0.06,
L79T,3.37,ACE2,2.78,0.67,0.31,0.67,0.27,1.38,-0.53,
L79V,3.18,ACE2,4.07,0.09,0.26,0.65,0.32,1.37,-0.59,
L79W,3.29,ACE2,-4.39,-0.47,-0.70,-1.40,0.24,0.23,1.21,
L79Y,2.86,ACE2,-8.26,-0.01,-0.15,-0.49,-0.08,0.90,-0.17,
M82C,1.97,ACE2,1.24,1.19,0.86,0.69,0.32,1.09,-0.65,
M82G,1.11,ACE2,3.69,1.58,1.03,1.10,0.76,1.64,-0.69,
M82L,0.27,ACE2,-0.91,0.23,0.38,-0.17,0.28,0.06,-0.33,
M82P,-1.39,ACE2,4.13,1.69,1.59,0.60,1.25,2.55,-0.45,
M82R,1.09,ACE2,3.98,0.46,-0.01,-0.29,-0.21,1.21,0.06,
N330D,-0.99,ACE2,2.31,0.10,-0.21,-0.15,1.44,0.80,0.05,
N330F,2.93,ACE2,-6.38,-1.28,-1.09,-0.81,0.41,-0.40,-0.10,
N330H,2.64,ACE2,1.48,-0.05,0.18,0.22,0.63,0.63,-0.03,
N330L,2.18,ACE2,0.20,-0.76,-0.54,-1.04,0.61,-0.85,-0.10,
N330Q,1.27,ACE2,3.25,-0.27,-0.22,-0.50,0.68,0.86,-0.04,
N330R,-1.59,ACE2,-0.30,-0.49,-0.26,-0.57,0.47,0.49,-0.13,
N330W,2.95,ACE2,-3.45,-1.14,-0.97,-1.45,0.54,-0.86,0.00,
N330Y,3.08,ACE2,-2.99,-0.74,-0.54,0.86,0.40,0.09,-0.08,
Q24F,-2.37,ACE2,-5.37,2.92,2.47,-0.70,1.17,-0.48,-0.39,
Q24K,-1.59,ACE2,5.07,0.29,-0.62,-0.96,0.75,0.57,0.15,
Q24T,1.57,ACE2,6.66,-0.39,-0.77,-0.70,0.65,-0.24,-0.59,
Q24Y,-3.38,ACE2,-2.75,2.69,2.49,2.41,1.41,0.49,-0.30,
Q325G,0.29,ACE2,2.39,-0.02,-0.14,-0.01,0.19,0.20,-0.03,
Q325H,0.36,ACE2,2.67,0.01,0.01,-0.01,0.14,0.20,0.11,
Q325P,2.76,ACE2,0.75,-0.03,-0.03,-0.05,-0.32,0.18,0.12,
Q325S,-0.32,ACE2,1.47,-0.02,0.00,0.01,0.30,0.20,0.03,
Q325T,0.38,ACE2,0.66,-0.01,0.01,-0.01,0.11,0.20,-0.01,
Q325Y,0.37,ACE2,2.09,-0.97,0.01,-0.35,0.21,0.08,0.11,
Q42C,2.85,ACE2,2.82,-0.01,0.01,1.96,0.86,0.71,-0.43,
Q42H,1.40,ACE2,-4.93,0.03,-0.73,2.04,0.57,1.04,-0.18,
Q42I,1.71,ACE2,1.54,-0.15,-0.21,1.91,0.70,0.69,-0.37,
Q42K,1.73,ACE2,-3.41,-0.05,0.02,0.66,0.91,1.12,-0.48,
Q42L,2.74,ACE2,-0.53,0.01,-0.32,1.96,0.76,-0.03,-0.31,
Q42M,2.48,ACE2,2.02,-0.03,-0.15,1.64,0.67,0.34,-0.32,
Q42R,0.84,ACE2,0.07,0.07,-2.00,0.24,0.45,0.67,-0.37,
Q42T,0.39,ACE2,7.66,-0.06,0.02,2.02,0.69,0.60,-0.29,
Q42V,1.92,ACE2,3.37,-0.06,0.03,1.99,0.58,0.59,-0.23,
Q42W,-2.44,ACE2,-7.10,-0.22,0.01,0.77,0.70,0.08,-0.09,
R357A,-2.41,ACE2,2.63,0.29,0.25,-0.21,1.83,0.59,-0.95,
R357D,-2.62,ACE2,4.49,0.80,0.54,-0.21,2.22,0.90,-1.06,
R357E,-2.42,ACE2,4.52,0.99,0.79,-0.14,1.80,0.77,-1.13,
R357F,-2.40,ACE2,0.82,0.84,1.15,-0.35,2.34,-0.12,-0.69,
R357G,-1.84,ACE2,3.39,0.32,0.34,-0.21,2.36,0.59,-0.97,
R357I,-2.48,ACE2,6.38,0.37,0.45,-0.21,1.88,0.31,-0.96,
R357N,-2.61,ACE2,3.88,0.41,0.54,-0.21,1.84,0.90,-0.94,
R357P,-2.44,ACE2,5.04,0.67,0.55,-0.21,2.05,1.80,-1.48,
R393A,0.95,ACE2,2.15,0.10,0.23,-0.08,1.04,0.74,-0.24,
R393H,0.24,ACE2,0.68,0.41,0.13,-0.08,1.52,0.74,-0.02,
R393K,1.98,ACE2,-1.21,0.04,-0.02,-0.08,0.59,1.21,-0.29,
R393M,0.98,ACE2,2.62,0.02,-0.09,-0.08,0.88,0.19,-0.20,
R393S,-0.21,ACE2,0.38,0.02,0.46,-0.08,1.38,1.04,-0.07,
S19F,1.13,ACE2,-0.41,0.06,0.03,0.00,0.16,-0.13,-0.08,
S19I,0.77,ACE2,-2.34,0.04,0.02,0.00,0.20,0.26,-0.14,
S19L,-0.49,ACE2,1.58,0.04,0.04,0.00,0.17,-0.48,-0.13,
S19N,-0.39,ACE2,3.59,0.07,0.04,0.00,0.09,0.85,-0.04,
S19P,2.33,ACE2,-2.97,0.01,-0.02,0.01,0.19,1.75,-0.20,
S19T,0.72,ACE2,4.87,0.00,0.00,0.00,0.10,0.13,-0.05,
S19V,1.09,ACE2,-1.22,0.04,0.03,0.00,0.17,0.13,-0.12,
S19W,1.07,ACE2,-1.44,0.07,0.03,0.00,0.16,-0.36,-0.03,
S19Y,1.05,ACE2,-1.07,0.06,0.04,0.00,0.16,-0.25,-0.07,
T27A,2.11,ACE2,6.42,0.85,1.05,1.01,0.52,1.51,-0.66,
T27C,2.42,ACE2,3.56,0.02,0.94,0.22,0.95,0.96,-0.76,
T27D,2.10,ACE2,0.69,-0.39,-0.52,1.02,0.73,1.84,-0.40,
T27F,2.29,ACE2,-11.56,-1.80,-1.68,-0.67,0.18,0.28,-0.38,
T27H,2.34,ACE2,-8.12,-0.23,0.45,-0.98,0.45,0.91,0.09,
T27K,1.65,ACE2,0.74,0.24,0.25,-1.18,0.35,1.25,-0.11,
T27L,2.85,ACE2,0.70,-0.82,-0.61,-0.94,0.27,-0.20,-0.49,
T27M,2.55,ACE2,3.04,-1.32,-0.73,-0.55,0.21,0.42,-0.45,
T27P,0.51,ACE2,1.85,0.97,1.21,1.01,1.21,2.71,-0.27,
T27R,0.25,ACE2,-2.63,0.83,0.74,-0.64,0.66,1.15,1.24,
T27S,0.77,ACE2,-2.67,0.60,1.53,1.16,0.59,1.88,-0.39,
T27W,2.11,ACE2,-16.64,-0.10,-0.10,-0.89,0.76,0.01,-0.19,
T27Y,2.70,ACE2,-6.54,-1.53,-1.51,-0.77,0.47,0.37,-0.24,
T324A,1.40,ACE2,2.15,0.01,0.04,0.00,0.24,0.00,-0.09,
T324E,2.49,ACE2,-6.73,-0.34,-1.12,0.15,0.23,0.26,-0.10,
T324G,-0.79,ACE2,6.77,0.06,0.02,0.00,0.61,0.00,-0.15,
T324P,2.69,ACE2,1.48,0.01,-0.07,0.00,-0.85,0.00,0.32,
T324Q,0.49,ACE2,-1.17,0.18,-0.81,0.74,0.24,0.47,-0.13,
T324S,1.05,ACE2,2.37,0.01,0.22,0.00,0.06,0.00,0.04,
Y41A,-1.78,ACE2,6.90,0.47,1.09,1.80,2.65,2.08,-2.24,
Y41I,-3.52,ACE2,5.16,0.81,0.84,1.80,2.62,1.80,-2.07,
Y41M,-1.75,ACE2,3.14,0.42,-0.02,1.71,1.76,1.51,-2.15,
Y41R,1.68,ACE2,2.38,2.25,0.81,0.98,2.35,2.02,-1.02,
Y41W,-2.24,ACE2,0.65,2.07,0.60,0.83,1.87,0.87,-0.94,
Y83C,0.41,ACE2,6.91,1.76,1.83,1.09,2.10,1.37,-1.67,
Y83D,-1.93,ACE2,4.98,2.28,1.71,1.22,2.48,2.01,-1.87,
Y83E,-2.57,ACE2,10.04,2.04,1.65,1.20,2.49,1.83,-1.88,
Y83L,0.45,ACE2,1.44,1.67,1.32,0.73,1.40,0.51,-1.48,
Y83Q,-2.35,ACE2,9.20,1.98,1.77,1.14,2.15,2.14,-1.87,
Y83R,-1.70,ACE2,6.15,1.60,1.35,1.33,1.98,1.90,-1.75,
Y83V,0.74,ACE2,7.27,1.75,1.83,1.07,2.09,1.23,-1.49,
E484K,0.06,RBD,3.92,-0.14,-0.16,-0.16,0.16,0.95,-0.28,0.3889980712601367
E484Q,0.03,RBD,2.86,-0.08,-0.12,-0.04,0.11,1.00,-0.29,-1.4424535273020045
E484R,0.15,RBD,1.62,-0.17,-0.20,0.12,0.13,0.74,-0.07,-1.1404130822258998
E484S,-0.02,RBD,2.13,-0.09,-0.12,-0.19,-0.02,0.78,-0.33,1.5656724407551494
E484T,0.05,RBD,4.06,-0.08,-0.10,-0.19,0.04,0.05,-0.32,-1.4557616040076824
F456V,-0.61,RBD,5.10,2.09,2.01,1.58,1.19,1.38,-1.45,0.9618559482357053
F490A,0.03,RBD,-0.57,0.01,0.00,0.01,0.34,0.21,-0.38,0.7771263248755629
F490K,0.09,RBD,0.61,-0.01,-0.04,0.00,-0.02,0.00,-0.38,0.2579564577908684
F490M,-0.03,RBD,-2.56,0.01,0.00,0.00,0.09,0.00,-0.56,0.5487079230386612
F490N,0.02,RBD,-1.32,0.01,0.00,0.03,0.37,0.21,-0.21,0.5216076814700503
F490R,0.01,RBD,-4.96,-0.15,-0.12,0.27,0.27,0.30,-0.30,0.10427857104047651
F490Y,0.06,RBD,-0.34,0.00,0.00,0.00,0.03,0.00,0.52,0.0291879840276975
G446S,-0.20,RBD,-4.64,-0.11,-0.43,0.05,-0.18,0.99,-0.27,-0.17387687141232702
G476L,-2.51,RBD,-2.88,1.44,0.91,-0.03,1.10,-0.36,-0.31,-0.7768152290501069
G476S,-0.02,RBD,0.79,1.06,0.60,0.01,0.58,0.98,-0.17,0.047926575826977694
G502A,-2.80,RBD,-2.68,2.28,2.27,0.82,1.42,1.18,-0.77,-0.0523513087093224
G502E,-4.67,RBD,-6.96,3.31,3.29,1.29,1.34,1.51,-1.01,-0.37910317570040536
G502F,-4.80,RBD,-26.17,2.15,2.29,-0.57,1.05,0.04,-0.99,-0.576493263354875
G502I,-4.66,RBD,-2.73,3.42,3.40,1.07,0.76,0.98,-1.29,-0.6926329920064511
G502K,-4.16,RBD,-9.05,2.57,2.58,2.59,0.97,2.30,-1.27,-0.8408206392363077
G502L,-4.80,RBD,-4.64,1.98,1.93,-0.18,0.98,-0.20,-1.31,-0.5671088229101959
G502M,-4.80,RBD,-6.36,1.98,2.27,-0.80,1.20,0.07,-1.19,-0.42402056063435517
G502N,-4.38,RBD,-1.27,2.64,2.48,1.18,1.09,1.67,-0.92,-0.1049075533287536
G502V,-4.80,RBD,-6.64,3.39,3.36,0.75,1.01,0.73,-1.14,-0.27848124775250716
K417G,-0.51,RBD,8.95,0.92,1.15,1.32,0.64,0.61,-0.72,1.954204446852041
L455M,0.05,RBD,3.90,0.19,0.03,-0.59,0.20,0.84,-1.33,-0.26220942530639973
L455P,-0.95,RBD,-6.63,2.16,2.30,0.95,2.47,3.14,-1.33,-0.4180495765162937
N487D,-1.08,RBD,-3.98,-0.11,-0.89,0.05,1.22,0.61,-0.30,0.4987990888782819
N487P,-2.64,RBD,5.25,2.19,2.12,-0.49,1.83,1.39,-0.30,1.0193884652728182
N487Q,-2.09,RBD,1.54,1.89,1.08,-0.19,1.39,0.76,-1.00,-0.9062386322451961
N501C,-0.58,RBD,-7.22,-0.11,-0.48,-0.01,-0.13,0.10,-0.86,1.0439369512335408
N501F,0.29,RBD,-3.89,5.58,6.88,0.11,0.63,-0.26,-0.54,-0.04385977247764152
N501Q,-0.06,RBD,-0.56,0.25,-0.30,-0.49,0.87,0.78,-0.83,-0.40521444437824233
N501S,-0.13,RBD,-6.11,0.21,0.40,0.41,-0.40,0.93,-0.88,2.966011817655139
N501T,0.10,RBD,1.18,-1.17,-1.93,0.01,-0.61,-0.16,0.88,1.3722144407101737
N501V,0.15,RBD,-3.01,-0.91,-1.34,0.01,-0.15,-0.03,0.27,3.965497877149798
N501W,0.11,RBD,-18.15,4.05,2.80,-0.01,1.48,-0.85,-0.83,-0.31454939945041993
N501Y,0.24,RBD,1.90,3.03,6.28,0.32,0.65,-0.17,-0.54,0.008176664020130066
Q493A,0.13,RBD,6.13,0.24,0.24,0.75,0.54,0.44,-0.69,2.226113922876471
Q493F,0.06,RBD,-8.64,-1.33,-1.40,-0.44,-0.05,-0.63,-0.17,0.2831238839475347
Q493G,0.01,RBD,5.74,0.36,0.38,0.77,0.98,0.45,-0.60,1.2700962920884344
Q493K,0.05,RBD,-10.77,-0.41,-0.31,-0.73,0.12,0.47,-0.80,-0.97484240695699
Q493L,0.05,RBD,-0.25,-0.89,-0.38,0.06,0.02,-0.84,-0.37,-0.9725222079360467
Q493M,0.18,RBD,2.27,-1.08,-0.96,-1.06,-0.02,-0.74,-0.36,0.7811201070175381
Q493V,0.05,RBD,-0.59,0.59,0.57,0.54,0.41,-0.05,-0.39,-0.5633552253131799
Q493Y,0.12,RBD,0.74,-1.54,-2.10,-1.30,-0.07,-0.99,0.03,0.9209849410469555
Q498F,0.15,RBD,-7.18,-0.79,-1.56,-0.67,-1.65,-0.63,-0.31,-0.21904572321591176
Q498H,0.30,RBD,-5.97,-0.67,-0.36,-0.42,0.32,0.13,-0.53,0.3075009308129441
Q498P,-3.14,RBD,2.41,-0.27,-0.23,-0.15,0.92,1.42,-1.93,0.7080502809816315
Q498W,0.07,RBD,-9.42,-1.35,-3.48,0.04,0.55,-0.62,-0.54,0.11631277733256506
Q498Y,0.16,RBD,-9.40,-1.61,-2.58,-0.64,-1.84,-0.86,2.00,-0.41271257393316485
R403W,-2.82,RBD,-4.20,-0.38,0.24,-0.18,0.68,0.14,-0.50,-3.6351771021026296
S477D,0.09,RBD,1.34,-0.08,-0.10,0.20,0.20,0.28,0.34,-0.029090122965994697
S477K,0.03,RBD,-0.88,0.03,0.03,0.32,0.18,0.32,0.10,0.23973644503656694
S477N,0.06,RBD,1.61,0.04,0.04,0.00,-0.11,0.00,0.11,0.16282071917992852
S477P,0.06,RBD,-3.39,0.00,0.00,0.06,-0.20,0.23,-0.07,0.36409996464007527
S477W,0.02,RBD,-8.41,0.12,0.11,-0.19,0.16,0.14,0.26,-0.17949355283271515
T500L,-1.52,RBD,-8.07,-0.40,-0.65,1.24,0.47,0.59,-0.60,0.021255830061814193
T500S,-0.32,RBD,-1.21,0.21,0.11,1.62,0.39,2.06,0.25,0.3805817480249617
V445K,0.02,RBD,-1.54,-0.27,-0.45,-0.09,-0.30,0.17,-0.03,-0.354148279767807
V445P,0.03,RBD,-12.87,0.04,0.05,0.03,-0.03,0.21,0.04,0.40157491238392284
V445Q,-0.04,RBD,-0.29,-0.24,-0.27,0.14,0.09,0.25,-0.15,0.11333478359718643
V503I,0.05,RBD,-4.52,-0.08,-0.08,-0.11,0.07,0.26,0.29,-0.09670433755131967
V503K,0.10,RBD,-5.96,-0.68,-0.77,-1.45,0.12,-0.09,0.01,0.5481848537694747
V503L,0.03,RBD,-2.04,-0.13,0.02,-0.04,0.07,0.28,-0.15,-0.010733078231622511
V503M,0.10,RBD,-5.31,-0.01,-0.02,-0.40,0.08,0.15,-0.07,-0.009731243983262394
V503R,0.01,RBD,-1.09,-0.24,-1.13,-1.19,0.11,-0.01,-0.19,-0.21616903988720484
Y453D,-3.49,RBD,-2.31,0.07,0.06,-0.09,1.23,1.74,-1.00,0.6322687821615927
Y453E,-1.18,RBD,-1.80,-0.05,-0.08,-0.04,1.43,1.60,-0.96,0.4399288736778514
Y453F,0.25,RBD,0.99,-0.41,-0.31,-0.36,-0.19,0.68,-0.23,0.5575955265164342
Y453K,0.08,RBD,-4.07,0.52,0.45,-0.50,0.73,1.87,-0.86,-0.36997780475547903
Y453P,-4.80,RBD,-5.90,0.12,0.14,-0.05,0.78,2.65,-1.64,1.4800418200951495
Y473D,-2.72,RBD,-0.65,0.41,0.28,0.20,0.90,1.75,-0.49,0.6386868732975338
Y473K,-2.59,RBD,-6.76,0.26,0.01,0.10,0.45,1.88,-0.39,0.32063257335616613
Y489A,-2.46,RBD,17.21,1.86,1.70,1.64,2.23,2.02,-1.95,2.8303576884259467
Y489E,-3.98,RBD,6.06,2.88,1.64,1.75,2.00,2.21,-2.32,3.0224267539524563
Y489F,-0.95,RBD,-5.79,-0.35,-0.58,0.38,0.28,0.93,-1.06,3.160693058550614
Y489S,-4.80,RBD,12.42,1.23,1.32,1.78,1.89,2.37,-1.89,1.6654071272995847
Y505C,-2.36,RBD,4.93,2.88,3.48,2.48,0.80,2.20,-1.16,1.7841209418873683
Y505D,-3.07,RBD,4.03,3.29,3.81,3.08,2.05,2.78,-1.58,0.3971302979283701
Y505G,-4.65,RBD,3.51,3.45,3.43,3.14,1.11,2.67,-1.56,4.768169533634241
Y505M,-2.32,RBD,5.45,2.52,2.54,1.53,0.93,1.38,-1.42,0.17331897920030664
Y505P,-4.09,RBD,10.26,3.43,3.58,2.73,1.47,3.75,-2.32,1.5915037169810309
Y505W,0.13,RBD,-5.56,0.70,-0.05,1.27,0.50,1.05,-0.51,-1.8072251009011002
