#case_id,evoef1-score
A386C,-19.57
A386E,-19.48
A386I,-19.54
A386L,-19.65
A386M,-19.65
A386Q,-19.52
D30A,-18.30
D30E,-19.28
D30F,-18.29
D30I,-18.79
D30N,-19.39
D30P,-18.28
D30T,-18.81
D30V,-18.92
D355I,-19.01
D355K,-18.68
D355M,-18.75
D355P,-19.21
D38C,-18.31
D38G,-18.17
D38R,-19.25
D38W,-18.97
D38Y,-18.44
E35A,-19.63
E35C,-19.67
E35D,-19.57
E35M,-19.66
E35Q,-19.85
E35V,-19.67
E37C,-18.98
E37F,-18.94
E37G,-18.91
E37I,-19.03
E37K,-19.84
E37L,-19.31
E37M,-19.51
E37R,-20.13
E37T,-19.01
E37V,-19.02
E484K,-19.69
E484Q,-19.57
E484R,-19.41
E484S,-19.72
E484T,-19.72
F28C,-19.38
F28E,-19.37
F28G,-19.38
F28K,-19.38
F28L,-19.50
F28N,-19.93
F28Q,-19.38
F28T,-18.97
F28V,-19.36
F28Y,-19.75
F456V,-17.95
F490A,-19.52
F490K,-19.53
F490M,-19.53
F490N,-19.50
F490R,-19.26
F490Y,-19.53
G326C,-19.77
G326F,-17.72
G326H,-19.81
G326T,-19.98
G326W,-17.98
G326Y,-14.51
G354I,-20.56
G354K,-20.20
G354Q,-18.38
G354Y,-22.41
G446S,-19.48
G476L,-19.56
G476S,-19.52
G502A,-18.71
G502E,-18.24
G502F,-20.10
G502I,-18.46
G502K,-16.94
G502L,-19.71
G502M,-20.33
G502N,-18.35
G502V,-18.78
H34A,-19.18
H34F,-20.27
H34K,-19.91
H34P,-19.48
H34Q,-19.43
H34S,-19.96
H34V,-20.00
K31F,-19.57
K31M,-20.25
K31P,-18.91
K31W,-19.43
K31Y,-20.84
K353A,-18.56
K353D,-18.47
K353E,-18.85
K353G,-17.87
K353H,-19.27
K353R,-18.82
K353S,-18.28
K353V,-18.75
K353W,-18.33
K417G,-18.21
L45G,-19.38
L45I,-19.52
L45K,-20.72
L79F,-20.03
L79G,-18.69
L79I,-18.95
L79M,-19.67
L79P,-18.71
L79R,-20.39
L79T,-18.86
L79V,-18.88
L79W,-20.93
L79Y,-20.02
L455M,-20.12
L455P,-18.58
M82C,-18.84
M82G,-18.43
M82L,-19.70
M82P,-18.93
M82R,-19.82
N330D,-19.68
N330F,-20.34
N330H,-19.31
N330L,-20.57
N330Q,-20.03
N330R,-20.10
N330W,-20.98
N330Y,-18.67
N487D,-19.48
N487P,-20.02
N487Q,-19.72
N501C,-19.54
N501F,-19.42
N501Q,-20.02
N501S,-19.12
N501T,-19.52
N501V,-19.52
N501W,-19.54
N501Y,-19.21
Q24F,-20.23
Q24K,-20.49
Q24T,-20.23
Q24Y,-17.12
Q325G,-19.54
Q325H,-19.54
Q325P,-19.58
Q325S,-19.52
Q325T,-19.54
Q325Y,-19.88
Q42C,-17.57
Q42H,-17.49
Q42I,-17.62
Q42K,-18.87
Q42L,-17.57
Q42M,-17.89
Q42R,-19.29
Q42T,-17.51
Q42V,-17.54
Q42W,-18.76
Q493A,-18.78
Q493F,-19.97
Q493G,-18.76
Q493K,-20.26
Q493L,-19.47
Q493M,-20.59
Q493V,-18.99
Q493Y,-20.83
Q498F,-20.20
Q498H,-19.95
Q498P,-19.68
Q498W,-19.49
Q498Y,-20.17
R357A,-19.74
R357D,-19.74
R357E,-19.67
R357F,-19.88
R357G,-19.74
R357I,-19.74
R357N,-19.74
R357P,-19.74
R393A,-19.61
R393H,-19.61
R393K,-19.61
R393M,-19.61
R393S,-19.61
R403W,-19.71
S19F,-19.53
S19I,-19.53
S19L,-19.53
S19N,-19.53
S19P,-19.52
S19T,-19.53
S19V,-19.53
S19W,-19.53
S19Y,-19.53
S477D,-19.33
S477K,-19.21
S477N,-19.53
S477P,-19.47
S477W,-19.72
T27A,-18.52
T27C,-19.31
T27D,-18.51
T27F,-20.20
T27H,-20.51
T27K,-20.71
T27L,-20.47
T27M,-20.08
T27P,-18.52
T27R,-20.17
T27S,-18.37
T27W,-20.42
T27Y,-20.30
T324A,-19.53
T324E,-19.38
T324G,-19.53
T324P,-19.53
T324Q,-18.79
T324S,-19.53
T500L,-18.29
T500S,-17.91
V445K,-19.62
V445P,-19.50
V445Q,-19.39
V503I,-19.64
V503K,-20.98
V503L,-19.57
V503M,-19.93
V503R,-20.72
WT,-19.53
Y41A,-17.73
Y41I,-17.73
Y41M,-17.82
Y41R,-18.55
Y41W,-18.70
Y83C,-18.44
Y83D,-18.31
Y83E,-18.33
Y83L,-18.80
Y83Q,-18.39
Y83R,-18.20
Y83V,-18.46
Y453D,-19.62
Y453E,-19.57
Y453F,-19.89
Y453K,-20.03
Y453P,-19.58
Y473D,-19.33
Y473K,-19.43
Y489A,-17.89
Y489E,-17.78
Y489F,-19.15
Y489S,-17.75
Y505C,-17.05
Y505D,-16.45
Y505G,-16.39
Y505M,-18.00
Y505P,-16.80
Y505W,-18.26
