#case_id,mutant_originalpdb,wt_originalpdb
A386C,-16.89,-16.89
A386E,-16.20,-16.50
A386I,-17.11,-16.89
A386L,-17.21,-16.89
A386M,-16.95,-16.89
A386Q,-16.88,-16.89
D30A,-15.70,-16.93
D30E,-16.38,-16.88
D30F,-16.53,-17.61
D30I,-16.69,-16.89
D30N,-17.80,-17.68
D30P,-16.15,-17.66
D30T,-16.83,-16.89
D30V,-17.13,-16.92
D355I,-16.55,-18.30
D355K,-16.68,-18.05
D355M,-15.84,-16.91
D355P,-13.53,-16.87
D38C,-15.66,-18.34
D38G,-16.09,-17.85
D38R,-16.25,-16.92
D38W,-16.70,-17.57
D38Y,-16.31,-17.81
E35A,-17.03,-16.89
E35C,-17.05,-16.89
E35D,-16.77,-16.89
E35M,-17.17,-17.09
E35Q,-17.06,-16.89
E35V,-17.12,-16.89
E37C,-16.19,-18.68
E37F,-15.81,-18.56
E37G,-16.22,-18.18
E37I,-16.46,-18.06
E37K,-17.09,-19.05
E37L,-16.11,-17.52
E37M,-15.13,-17.50
E37R,-17.04,-17.97
E37T,-16.37,-17.64
E37V,-16.25,-18.15
E484K,-17.04,-16.90
E484Q,-16.98,-16.89
E484R,-17.07,-16.90
E484S,-16.98,-16.89
E484T,-16.98,-16.90
F28C,-17.03,-16.84
F28E,-18.73,-16.75
F28G,-16.96,-16.92
F28K,-16.94,-16.75
F28L,-17.13,-16.77
F28N,-18.16,-16.89
F28Q,-16.83,-16.78
F28T,-17.13,-17.02
F28V,-17.17,-16.99
F28Y,-16.97,-16.78
F456V,-14.71,-16.80
F490A,-16.88,-16.89
F490K,-16.93,-16.89
F490M,-16.88,-16.89
F490N,-16.88,-16.89
F490R,-16.98,-16.89
F490Y,-16.89,-16.89
G326C,-16.86,-16.75
G326F,-12.04,-16.94
G326H,-14.14,-16.80
G326T,-17.35,-16.78
G326W,-16.23,-16.96
G326Y,-12.22,-16.97
G354I,-15.24,-17.04
G354K,-16.21,-16.94
G354Q,-16.85,-16.89
G354Y,-15.96,-16.95
G446S,-17.32,-16.89
G476L,-15.69,-16.89
G476S,-15.98,-16.89
G502A,-14.62,-16.89
G502E,-13.68,-16.96
G502F,-14.67,-16.89
G502I,-13.48,-16.90
G502K,-14.17,-16.89
G502L,-14.93,-16.89
G502M,-14.66,-16.95
G502N,-14.27,-16.89
G502V,-13.52,-16.89
H34A,-16.42,-16.77
H34F,-19.08,-16.81
H34K,-17.12,-17.62
H34P,-16.09,-17.67
H34Q,-17.10,-17.69
H34S,-16.55,-17.00
H34V,-17.25,-17.60
K31F,-18.27,-16.89
K31M,-17.16,-16.89
K31P,-14.25,-16.75
K31W,-17.42,-16.90
K31Y,-19.28,-16.89
K353A,-16.78,-18.98
K353D,-15.85,-18.71
K353E,-14.70,-18.50
K353G,-16.52,-18.80
K353H,-15.69,-19.40
K353R,-18.52,-18.36
K353S,-15.95,-19.03
K353V,-13.68,-18.84
K353W,-16.51,-17.99
K417G,-16.17,-16.96
L455M,-16.79,-16.77
L455P,-14.64,-16.86
L45G,-16.39,-16.61
L45I,-16.60,-16.83
L45K,-16.74,-16.63
L79F,-17.35,-16.89
L79G,-16.40,-17.41
L79I,-16.71,-16.87
L79M,-17.27,-16.92
L79P,-16.35,-17.49
L79R,-16.53,-17.09
L79T,-16.73,-17.05
L79V,-16.72,-17.01
L79W,-17.53,-16.89
L79Y,-17.07,-16.92
M82C,-16.26,-17.11
M82G,-15.90,-16.97
M82L,-16.52,-16.89
M82P,-15.30,-16.89
M82R,-16.63,-16.62
N330D,-16.55,-16.79
N330F,-18.16,-16.83
N330H,-16.92,-16.93
N330L,-17.66,-16.94
N330Q,-17.22,-16.95
N330R,-17.27,-16.97
N330W,-18.02,-16.93
N330Y,-17.60,-16.92
N487D,-17.24,-16.66
N487P,-14.76,-16.89
N487Q,-15.53,-16.89
N501C,-18.74,-18.26
N501F,-11.85,-19.23
N501Q,-18.48,-18.65
N501S,-17.86,-18.31
N501T,-19.02,-17.59
N501V,-18.76,-17.55
N501W,-15.81,-19.65
N501Y,-11.59,-18.61
Q24F,-14.08,-16.89
Q24K,-17.29,-16.89
Q24T,-17.36,-16.89
Q24Y,-14.05,-16.89
Q325G,-16.97,-16.78
Q325H,-16.89,-16.90
Q325P,-16.91,-16.89
Q325S,-16.89,-16.89
Q325T,-16.89,-16.90
Q325Y,-16.89,-16.90
Q42C,-16.67,-16.67
Q42H,-17.45,-16.99
Q42I,-17.14,-16.94
Q42K,-16.67,-16.69
Q42L,-17.64,-17.33
Q42M,-17.77,-17.62
Q42R,-19.15,-17.94
Q42T,-16.94,-16.97
Q42V,-16.66,-16.69
Q42W,-16.68,-16.68
Q493A,-16.66,-16.89
Q493F,-19.07,-17.70
Q493G,-17.33,-17.63
Q493K,-17.00,-16.89
Q493L,-17.28,-16.89
Q493M,-17.83,-16.89
Q493V,-17.06,-17.61
Q493Y,-19.25,-17.70
Q498F,-19.67,-18.39
Q498H,-18.91,-18.65
Q498P,-17.81,-17.46
Q498W,-19.93,-17.40
Q498Y,-20.59,-18.15
R357A,-16.57,-16.81
R357D,-16.12,-16.80
R357E,-15.77,-16.82
R357F,-15.52,-16.83
R357G,-16.59,-16.90
R357I,-16.55,-16.93
R357N,-16.55,-16.85
R357P,-16.20,-16.82
R393A,-16.30,-16.49
R393H,-16.39,-16.48
R393K,-16.50,-16.47
R393M,-16.38,-16.46
R393S,-16.30,-16.49
R403W,-17.66,-18.23
S19F,-16.85,-16.89
S19I,-16.85,-16.89
S19L,-16.85,-16.89
S19N,-16.85,-16.89
S19P,-16.88,-16.89
S19T,-16.88,-16.89
S19V,-16.85,-16.89
S19W,-16.85,-16.89
S19Y,-16.85,-16.89
S477D,-16.99,-16.89
S477K,-16.86,-16.89
S477N,-16.84,-16.89
S477P,-16.88,-16.89
S477W,-16.77,-16.89
T27A,-16.11,-16.89
T27C,-16.22,-16.89
T27D,-17.62,-16.89
T27F,-18.63,-16.89
T27H,-16.46,-16.89
T27K,-16.56,-16.89
T27L,-17.77,-16.89
T27M,-17.65,-16.89
T27P,-15.96,-16.89
T27R,-16.11,-16.89
T27S,-15.59,-16.89
T27W,-17.12,-16.89
T27Y,-18.47,-16.89
T324A,-16.88,-16.89
T324E,-17.57,-16.90
T324G,-16.83,-16.89
T324P,-16.88,-16.89
T324Q,-17.74,-16.79
T324S,-16.87,-16.89
T500L,-17.63,-16.97
T500S,-16.83,-16.97
V445K,-17.29,-16.94
V445P,-16.85,-16.89
V445Q,-17.15,-16.89
V503I,-16.97,-16.89
V503K,-17.53,-16.75
V503L,-16.88,-16.89
V503M,-16.91,-16.89
V503R,-17.77,-16.74
Y41A,-18.17,-19.33
Y41I,-17.41,-17.89
Y41M,-18.24,-17.95
Y41R,-17.83,-18.77
Y41W,-17.28,-18.47
Y453D,-16.76,-16.87
Y453E,-16.91,-16.83
Y453F,-17.28,-16.89
Y453K,-16.38,-16.85
Y453P,-16.75,-16.86
Y473D,-16.55,-16.89
Y473K,-16.73,-16.89
Y489A,-15.08,-16.89
Y489E,-14.83,-16.89
Y489F,-17.34,-16.89
Y489S,-15.29,-16.89
Y505C,-15.59,-18.86
Y505D,-14.76,-18.57
Y505G,-15.97,-19.01
Y505M,-16.01,-18.38
Y505P,-15.31,-18.71
Y505W,-17.54,-17.84
Y83C,-15.08,-16.83
Y83D,-14.78,-16.98
Y83E,-14.80,-16.93
Y83L,-15.28,-16.76
Y83Q,-14.85,-16.60
Y83R,-14.96,-16.99
Y83V,-15.18,-17.08
