Names,HADDOCK,FoldX,FoldXwater,EvoEF1,MutaBind2,SSIPe
ACE2_A386C,2.93,0.00,0.00,-0.04,0.32,0.19
ACE2_A386E,-1.27,0.16,0.20,0.05,0.25,0.22
ACE2_A386I,-3.25,-0.22,-0.26,-0.01,0.28,0.20
ACE2_A386L,-1.30,0.12,-0.39,-0.12,0.30,0.16
ACE2_A386M,-1.02,-0.06,-0.08,-0.12,0.20,0.16
ACE2_A386Q,-3.86,0.01,-0.08,0.01,0.02,0.21
ACE2_D30A,9.32,1.47,1.50,1.23,0.37,0.85
ACE2_D30E,1.60,0.01,0.70,0.25,-0.07,0.71
ACE2_D30F,5.73,0.23,1.46,1.24,0.63,0.19
ACE2_D30I,6.26,0.00,0.57,0.74,0.53,0.40
ACE2_D30N,13.20,-0.91,0.12,0.14,0.26,0.84
ACE2_D30P,9.51,-0.30,1.83,1.25,0.95,2.07
ACE2_D30T,14.01,-0.67,0.30,0.72,0.38,0.26
ACE2_D30V,8.82,-1.18,0.07,0.61,0.62,0.21
ACE2_D355I,8.36,1.92,1.71,0.52,2.77,0.47
ACE2_D355K,-1.15,1.39,1.11,0.85,2.31,1.34
ACE2_D355M,1.94,1.23,1.03,0.78,1.62,0.30
ACE2_D355P,-1.21,3.42,3.26,0.32,2.20,1.88
ACE2_D38C,0.17,1.86,2.64,1.22,1.02,0.57
ACE2_D38G,4.76,1.66,1.11,1.36,0.81,0.90
ACE2_D38R,-7.33,2.03,0.95,0.28,0.57,0.74
ACE2_D38W,-12.42,2.79,0.52,0.56,0.69,-0.28
ACE2_D38Y,-4.17,1.00,0.95,1.09,0.80,0.02
ACE2_E35A,-4.94,-0.14,-0.21,-0.10,0.56,0.53
ACE2_E35C,-3.83,-0.16,-0.22,-0.14,0.59,0.23
ACE2_E35D,-0.27,0.03,0.06,-0.04,0.52,0.85
ACE2_E35M,-2.46,-0.11,-0.16,-0.13,0.17,-0.03
ACE2_E35Q,-3.42,-0.17,-0.26,-0.32,0.07,0.96
ACE2_E35V,-4.45,-0.23,-0.30,-0.14,0.45,0.09
ACE2_E37C,1.46,2.33,2.65,0.55,1.11,0.55
ACE2_E37F,-0.87,1.99,2.79,0.59,0.92,0.18
ACE2_E37G,2.65,2.54,2.40,0.62,1.16,0.85
ACE2_E37I,0.16,1.87,2.16,0.50,0.85,0.53
ACE2_E37K,3.01,1.06,2.00,-0.31,0.83,1.12
ACE2_E37L,-0.09,1.52,1.66,0.22,0.76,-0.30
ACE2_E37M,-4.57,2.22,2.41,0.02,1.01,0.10
ACE2_E37R,3.49,1.48,0.95,-0.60,0.79,0.62
ACE2_E37T,4.70,2.15,1.64,0.52,0.92,0.40
ACE2_E37V,-2.16,1.43,2.15,0.51,0.91,0.40
ACE2_F28C,4.32,-0.18,-0.36,0.15,1.11,1.02
ACE2_F28E,2.50,-2.26,-2.63,0.16,2.62,1.63
ACE2_F28G,0.25,-0.01,-0.12,0.15,1.30,1.30
ACE2_F28K,2.32,-0.01,-0.18,0.15,1.28,1.71
ACE2_F28L,-0.55,-0.41,-0.39,0.03,1.22,0.24
ACE2_F28N,0.91,-1.16,-1.38,-0.40,1.33,1.46
ACE2_F28Q,0.99,-0.16,-0.17,0.15,1.39,1.91
ACE2_F28T,5.20,-0.01,-0.12,0.56,1.54,1.03
ACE2_F28V,1.74,-0.44,-0.13,0.17,1.22,0.89
ACE2_F28Y,-3.81,-0.03,-0.18,-0.22,0.99,0.51
ACE2_G326C,-2.11,-0.30,-0.32,-0.24,0.24,0.12
ACE2_G326F,-17.94,4.63,4.67,1.81,1.43,0.88
ACE2_G326H,-9.97,2.59,2.56,-0.28,0.54,0.18
ACE2_G326T,-6.00,-0.31,-0.87,-0.45,-0.70,0.08
ACE2_G326W,-16.99,6.17,0.50,1.55,1.58,0.88
ACE2_G326Y,-10.49,4.19,4.03,5.02,1.35,2.00
ACE2_G354I,-6.64,1.97,1.87,-1.03,1.16,0.25
ACE2_G354K,-3.72,0.70,0.80,-0.67,-0.06,1.13
ACE2_G354Q,-9.05,-0.04,-0.08,1.15,0.54,1.85
ACE2_G354Y,-12.63,0.89,1.08,-2.88,1.58,-0.84
ACE2_H34A,6.28,0.57,0.43,0.35,0.91,0.92
ACE2_H34F,-5.55,-1.52,-2.10,-0.74,0.62,-0.11
ACE2_H34K,4.23,-0.60,0.37,-0.38,0.21,1.16
ACE2_H34P,6.89,0.42,1.83,0.05,0.93,2.03
ACE2_H34Q,2.48,0.53,0.78,0.10,0.05,1.31
ACE2_H34S,11.44,0.36,0.62,-0.43,0.68,1.00
ACE2_H34V,3.67,0.35,0.67,-0.47,0.38,0.22
ACE2_K31F,-14.16,-1.27,-1.42,-0.04,0.59,-0.35
ACE2_K31M,0.50,-1.34,-0.25,-0.72,0.50,-0.49
ACE2_K31P,9.04,2.57,2.57,0.62,2.18,1.74
ACE2_K31W,-21.15,-0.24,-0.61,0.10,0.99,-0.53
ACE2_K31Y,-12.35,-1.79,-2.54,-1.31,0.30,-0.88
ACE2_K353A,3.82,2.36,1.69,0.97,1.79,0.68
ACE2_K353D,-1.59,2.22,2.39,1.06,1.60,1.03
ACE2_K353E,-1.30,3.21,2.94,0.68,2.10,0.77
ACE2_K353G,1.29,2.47,1.72,1.66,1.07,0.91
ACE2_K353H,-7.75,3.41,3.24,0.26,0.96,0.46
ACE2_K353R,0.19,2.49,-0.32,0.71,0.15,0.80
ACE2_K353S,2.91,3.00,2.15,1.25,1.68,1.09
ACE2_K353V,5.15,5.08,4.79,0.78,2.24,0.18
ACE2_K353W,-12.99,1.75,1.45,1.20,1.41,-0.10
ACE2_L45G,3.49,0.44,0.42,0.15,0.92,0.26
ACE2_L45I,-1.19,0.19,0.23,0.01,0.38,0.21
ACE2_L45K,5.14,0.22,0.00,-1.19,0.67,-0.10
ACE2_L79F,-4.53,-0.28,-0.46,-0.50,0.16,0.76
ACE2_L79G,3.08,1.14,1.01,0.84,0.59,1.85
ACE2_L79I,2.74,0.17,0.16,0.58,0.27,1.48
ACE2_L79M,-0.18,-0.08,-0.09,-0.14,-0.19,0.96
ACE2_L79P,3.32,1.24,1.14,0.82,0.91,3.05
ACE2_L79R,-1.50,0.47,0.53,-0.86,-0.89,1.88
ACE2_L79T,2.78,0.67,0.31,0.67,0.27,1.38
ACE2_L79V,4.07,0.09,0.26,0.65,0.32,1.37
ACE2_L79W,-4.39,-0.47,-0.70,-1.40,0.24,0.23
ACE2_L79Y,-8.26,-0.01,-0.15,-0.49,-0.08,0.90
ACE2_M82C,1.24,1.19,0.86,0.69,0.32,1.09
ACE2_M82G,3.69,1.58,1.03,1.10,0.76,1.64
ACE2_M82L,-0.91,0.23,0.38,-0.17,0.28,0.06
ACE2_M82P,4.13,1.69,1.59,0.60,1.25,2.55
ACE2_M82R,3.98,0.46,-0.01,-0.29,-0.21,1.21
ACE2_N330D,2.31,0.10,-0.21,-0.15,1.44,0.80
ACE2_N330F,-6.38,-1.28,-1.09,-0.81,0.41,-0.40
ACE2_N330H,1.48,-0.05,0.18,0.22,0.63,0.63
ACE2_N330L,0.20,-0.76,-0.54,-1.04,0.61,-0.85
ACE2_N330Q,3.25,-0.27,-0.22,-0.50,0.68,0.86
ACE2_N330R,-0.30,-0.49,-0.26,-0.57,0.47,0.49
ACE2_N330W,-3.45,-1.14,-0.97,-1.45,0.54,-0.86
ACE2_N330Y,-2.99,-0.74,-0.54,0.86,0.40,0.09
ACE2_Q24F,-5.37,2.92,2.47,-0.70,1.17,-0.48
ACE2_Q24K,5.07,0.29,-0.62,-0.96,0.75,0.57
ACE2_Q24T,6.66,-0.39,-0.77,-0.70,0.65,-0.24
ACE2_Q24Y,-2.75,2.69,2.49,2.41,1.41,0.49
ACE2_Q325G,2.39,-0.02,-0.14,-0.01,0.19,0.20
ACE2_Q325H,2.67,0.01,0.01,-0.01,0.14,0.20
ACE2_Q325P,0.75,-0.03,-0.03,-0.05,-0.32,0.18
ACE2_Q325S,1.47,-0.02,0.00,0.01,0.30,0.20
ACE2_Q325T,0.66,-0.01,0.01,-0.01,0.11,0.20
ACE2_Q325Y,2.09,-0.97,0.01,-0.35,0.21,0.08
ACE2_Q42C,2.82,-0.01,0.01,1.96,0.86,0.71
ACE2_Q42H,-4.93,0.03,-0.73,2.04,0.57,1.04
ACE2_Q42I,1.54,-0.15,-0.21,1.91,0.70,0.69
ACE2_Q42K,-3.41,-0.05,0.02,0.66,0.91,1.12
ACE2_Q42L,-0.53,0.01,-0.32,1.96,0.76,-0.03
ACE2_Q42M,2.02,-0.03,-0.15,1.64,0.67,0.34
ACE2_Q42R,0.07,0.07,-2.00,0.24,0.45,0.67
ACE2_Q42T,7.66,-0.06,0.02,2.02,0.69,0.60
ACE2_Q42V,3.37,-0.06,0.03,1.99,0.58,0.59
ACE2_Q42W,-7.10,-0.22,0.01,0.77,0.70,0.08
ACE2_R357A,2.63,0.29,0.25,-0.21,1.83,0.59
ACE2_R357D,4.49,0.80,0.54,-0.21,2.22,0.90
ACE2_R357E,4.52,0.99,0.79,-0.14,1.80,0.77
ACE2_R357F,0.82,0.84,1.15,-0.35,2.34,-0.12
ACE2_R357G,3.39,0.32,0.34,-0.21,2.36,0.59
ACE2_R357I,6.38,0.37,0.45,-0.21,1.88,0.31
ACE2_R357N,3.88,0.41,0.54,-0.21,1.84,0.90
ACE2_R357P,5.04,0.67,0.55,-0.21,2.05,1.80
ACE2_R393A,2.15,0.10,0.23,-0.08,1.04,0.74
ACE2_R393H,0.68,0.41,0.13,-0.08,1.52,0.74
ACE2_R393K,-1.21,0.04,-0.02,-0.08,0.59,1.21
ACE2_R393M,2.62,0.02,-0.09,-0.08,0.88,0.19
ACE2_R393S,0.38,0.02,0.46,-0.08,1.38,1.04
ACE2_S19F,-0.41,0.06,0.03,0.00,0.16,-0.13
ACE2_S19I,-2.34,0.04,0.02,0.00,0.20,0.26
ACE2_S19L,1.58,0.04,0.04,0.00,0.17,-0.48
ACE2_S19N,3.59,0.07,0.04,0.00,0.09,0.85
ACE2_S19P,-2.97,0.01,-0.02,0.01,0.19,1.75
ACE2_S19T,4.87,0.00,0.00,0.00,0.10,0.13
ACE2_S19V,-1.22,0.04,0.03,0.00,0.17,0.13
ACE2_S19W,-1.44,0.07,0.03,0.00,0.16,-0.36
ACE2_S19Y,-1.07,0.06,0.04,0.00,0.16,-0.25
ACE2_T27A,6.42,0.85,1.05,1.01,0.52,1.51
ACE2_T27C,3.56,0.02,0.94,0.22,0.95,0.96
ACE2_T27D,0.69,-0.39,-0.52,1.02,0.73,1.84
ACE2_T27F,-11.56,-1.80,-1.68,-0.67,0.18,0.28
ACE2_T27H,-8.12,-0.23,0.45,-0.98,0.45,0.91
ACE2_T27K,0.74,0.24,0.25,-1.18,0.35,1.25
ACE2_T27L,0.70,-0.82,-0.61,-0.94,0.27,-0.20
ACE2_T27M,3.04,-1.32,-0.73,-0.55,0.21,0.42
ACE2_T27P,1.85,0.97,1.21,1.01,1.21,2.71
ACE2_T27R,-2.63,0.83,0.74,-0.64,0.66,1.15
ACE2_T27S,-2.67,0.60,1.53,1.16,0.59,1.88
ACE2_T27W,-16.64,-0.10,-0.10,-0.89,0.76,0.01
ACE2_T27Y,-6.54,-1.53,-1.51,-0.77,0.47,0.37
ACE2_T324A,2.15,0.01,0.04,0.00,0.24,0.00
ACE2_T324E,-6.73,-0.34,-1.12,0.15,0.23,0.26
ACE2_T324G,6.77,0.06,0.02,0.00,0.61,0.00
ACE2_T324P,1.48,0.01,-0.07,0.00,-0.85,0.00
ACE2_T324Q,-1.17,0.18,-0.81,0.74,0.24,0.47
ACE2_T324S,2.37,0.01,0.22,0.00,0.06,0.00
ACE2_Y41A,6.90,0.47,1.09,1.80,2.65,2.08
ACE2_Y41I,5.16,0.81,0.84,1.80,2.62,1.80
ACE2_Y41M,3.14,0.42,-0.02,1.71,1.76,1.51
ACE2_Y41R,2.38,2.25,0.81,0.98,2.35,2.02
ACE2_Y41W,0.65,2.07,0.60,0.83,1.87,0.87
ACE2_Y83C,6.91,1.76,1.83,1.09,2.10,1.37
ACE2_Y83D,4.98,2.28,1.71,1.22,2.48,2.01
ACE2_Y83E,10.04,2.04,1.65,1.20,2.49,1.83
ACE2_Y83L,1.44,1.67,1.32,0.73,1.40,0.51
ACE2_Y83Q,9.20,1.98,1.77,1.14,2.15,2.14
ACE2_Y83R,6.15,1.60,1.35,1.33,1.98,1.90
ACE2_Y83V,7.27,1.75,1.83,1.07,2.09,1.23
RBD_E484K,3.92,-0.14,-0.16,-0.16,0.16,0.95
RBD_E484Q,2.86,-0.08,-0.12,-0.04,0.11,1.00
RBD_E484R,1.62,-0.17,-0.20,0.12,0.13,0.74
RBD_E484S,2.13,-0.09,-0.12,-0.19,-0.02,0.78
RBD_E484T,4.06,-0.08,-0.10,-0.19,0.04,0.05
RBD_F456V,5.10,2.09,2.01,1.58,1.19,1.38
RBD_F490A,-0.57,0.01,0.00,0.01,0.34,0.21
RBD_F490K,0.61,-0.01,-0.04,0.00,-0.02,0.00
RBD_F490M,-2.56,0.01,0.00,0.00,0.09,0.00
RBD_F490N,-1.32,0.01,0.00,0.03,0.37,0.21
RBD_F490R,-4.96,-0.15,-0.12,0.27,0.27,0.30
RBD_F490Y,-0.34,0.00,0.00,0.00,0.03,0.00
RBD_G446S,-4.64,-0.11,-0.43,0.05,-0.18,0.99
RBD_G476L,-2.88,1.44,0.91,-0.03,1.10,-0.36
RBD_G476S,0.79,1.06,0.60,0.01,0.58,0.98
RBD_G502A,-2.68,2.28,2.27,0.82,1.42,1.18
RBD_G502E,-6.96,3.31,3.29,1.29,1.34,1.51
RBD_G502F,-26.17,2.15,2.29,-0.57,1.05,0.04
RBD_G502I,-2.73,3.42,3.40,1.07,0.76,0.98
RBD_G502K,-9.05,2.57,2.58,2.59,0.97,2.30
RBD_G502L,-4.64,1.98,1.93,-0.18,0.98,-0.20
RBD_G502M,-6.36,1.98,2.27,-0.80,1.20,0.07
RBD_G502N,-1.27,2.64,2.48,1.18,1.09,1.67
RBD_G502V,-6.64,3.39,3.36,0.75,1.01,0.73
RBD_K417G,8.95,0.92,1.15,1.32,0.64,0.61
RBD_L455M,3.90,0.19,0.03,-0.59,0.20,0.84
RBD_L455P,-6.63,2.16,2.30,0.95,2.47,3.14
RBD_N487D,-3.98,-0.11,-0.89,0.05,1.22,0.61
RBD_N487P,5.25,2.19,2.12,-0.49,1.83,1.39
RBD_N487Q,1.54,1.89,1.08,-0.19,1.39,0.76
RBD_N501C,-7.22,-0.11,-0.48,-0.01,-0.13,0.10
RBD_N501F,-3.89,5.58,6.88,0.11,0.63,-0.26
RBD_N501Q,-0.56,0.25,-0.30,-0.49,0.87,0.78
RBD_N501S,-6.11,0.21,0.40,0.41,-0.40,0.93
RBD_N501T,1.18,-1.17,-1.93,0.01,-0.61,-0.16
RBD_N501V,-3.01,-0.91,-1.34,0.01,-0.15,-0.03
RBD_N501W,-18.15,4.05,2.80,-0.01,1.48,-0.85
RBD_N501Y,1.90,3.03,6.28,0.32,0.65,-0.17
RBD_Q493A,6.13,0.24,0.24,0.75,0.54,0.44
RBD_Q493F,-8.64,-1.33,-1.40,-0.44,-0.05,-0.63
RBD_Q493G,5.74,0.36,0.38,0.77,0.98,0.45
RBD_Q493K,-10.77,-0.41,-0.31,-0.73,0.12,0.47
RBD_Q493L,-0.25,-0.89,-0.38,0.06,0.02,-0.84
RBD_Q493M,2.27,-1.08,-0.96,-1.06,-0.02,-0.74
RBD_Q493V,-0.59,0.59,0.57,0.54,0.41,-0.05
RBD_Q493Y,0.74,-1.54,-2.10,-1.30,-0.07,-0.99
RBD_Q498F,-7.18,-0.79,-1.56,-0.67,-1.65,-0.63
RBD_Q498H,-5.97,-0.67,-0.36,-0.42,0.32,0.13
RBD_Q498P,2.41,-0.27,-0.23,-0.15,0.92,1.42
RBD_Q498W,-9.42,-1.35,-3.48,0.04,0.55,-0.62
RBD_Q498Y,-9.40,-1.61,-2.58,-0.64,-1.84,-0.86
RBD_R403W,-4.20,-0.38,0.24,-0.18,0.68,0.14
RBD_S477D,1.34,-0.08,-0.10,0.20,0.20,0.28
RBD_S477K,-0.88,0.03,0.03,0.32,0.18,0.32
RBD_S477N,1.61,0.04,0.04,0.00,-0.11,0.00
RBD_S477P,-3.39,0.00,0.00,0.06,-0.20,0.23
RBD_S477W,-8.41,0.12,0.11,-0.19,0.16,0.14
RBD_T500L,-8.07,-0.40,-0.65,1.24,0.47,0.59
RBD_T500S,-1.21,0.21,0.11,1.62,0.39,2.06
RBD_V445K,-1.54,-0.27,-0.45,-0.09,-0.30,0.17
RBD_V445P,-12.87,0.04,0.05,0.03,-0.03,0.21
RBD_V445Q,-0.29,-0.24,-0.27,0.14,0.09,0.25
RBD_V503I,-4.52,-0.08,-0.08,-0.11,0.07,0.26
RBD_V503K,-5.96,-0.68,-0.77,-1.45,0.12,-0.09
RBD_V503L,-2.04,-0.13,0.02,-0.04,0.07,0.28
RBD_V503M,-5.31,-0.01,-0.02,-0.40,0.08,0.15
RBD_V503R,-1.09,-0.24,-1.13,-1.19,0.11,-0.01
RBD_Y453D,-2.31,0.07,0.06,-0.09,1.23,1.74
RBD_Y453E,-1.80,-0.05,-0.08,-0.04,1.43,1.60
RBD_Y453F,0.99,-0.41,-0.31,-0.36,-0.19,0.68
RBD_Y453K,-4.07,0.52,0.45,-0.50,0.73,1.87
RBD_Y453P,-5.90,0.12,0.14,-0.05,0.78,2.65
RBD_Y473D,-0.65,0.41,0.28,0.20,0.90,1.75
RBD_Y473K,-6.76,0.26,0.01,0.10,0.45,1.88
RBD_Y489A,17.21,1.86,1.70,1.64,2.23,2.02
RBD_Y489E,6.06,2.88,1.64,1.75,2.00,2.21
RBD_Y489F,-5.79,-0.35,-0.58,0.38,0.28,0.93
RBD_Y489S,12.42,1.23,1.32,1.78,1.89,2.37
RBD_Y505C,4.93,2.88,3.48,2.48,0.80,2.20
RBD_Y505D,4.03,3.29,3.81,3.08,2.05,2.78
RBD_Y505G,3.51,3.45,3.43,3.14,1.11,2.67
RBD_Y505M,5.45,2.52,2.54,1.53,0.93,1.38
RBD_Y505P,10.26,3.43,3.58,2.73,1.47,3.75
RBD_Y505W,-5.56,0.70,-0.05,1.27,0.50,1.05
