#case_id,foldx-score-mut,foldx-score-wt
A386C,-18.42,-18.42
A386E,-17.94,-18.14
A386I,-18.68,-18.42
A386L,-18.81,-18.42
A386M,-18.62,-18.54
A386Q,-18.50,-18.42
D30A,-16.96,-18.46
D30E,-17.71,-18.41
D30F,-17.70,-19.16
D30I,-17.85,-18.42
D30N,-19.18,-19.30
D30P,-17.37,-19.20
D30T,-18.12,-18.42
D30V,-18.38,-18.45
D355I,-17.75,-19.46
D355K,-18.05,-19.16
D355M,-17.40,-18.43
D355P,-15.28,-18.54
D38C,-16.84,-19.48
D38G,-17.89,-19.00
D38R,-17.73,-18.68
D38W,-18.47,-18.99
D38Y,-18.17,-19.12
E35A,-18.63,-18.42
E35C,-18.64,-18.42
E35D,-18.36,-18.42
E35M,-19.39,-19.23
E35Q,-18.68,-18.42
E35V,-18.72,-18.42
E37C,-17.44,-20.09
E37F,-17.04,-19.83
E37G,-17.28,-19.68
E37I,-17.53,-19.69
E37K,-18.38,-20.38
E37L,-17.30,-18.96
E37M,-16.67,-19.08
E37R,-18.25,-19.20
E37T,-17.70,-19.34
E37V,-17.42,-19.57
E484K,-18.59,-18.43
E484Q,-18.53,-18.41
E484R,-18.62,-18.42
E484S,-18.53,-18.41
E484T,-18.53,-18.43
F28C,-18.73,-18.37
F28E,-20.97,-18.34
F28G,-18.57,-18.45
F28K,-18.47,-18.29
F28L,-18.71,-18.32
F28N,-19.79,-18.41
F28Q,-18.49,-18.32
F28T,-18.72,-18.60
F28V,-18.65,-18.52
F28Y,-18.50,-18.32
F456V,-16.31,-18.32
F490A,-18.41,-18.41
F490K,-18.46,-18.42
F490M,-18.42,-18.42
F490N,-18.42,-18.42
F490R,-18.53,-18.41
F490Y,-18.42,-18.42
G326C,-18.59,-18.27
G326F,-13.79,-18.46
G326H,-15.73,-18.29
G326T,-19.26,-18.39
G326W,-17.96,-18.46
G326Y,-14.47,-18.50
G354I,-16.71,-18.58
G354K,-17.64,-18.44
G354Q,-18.50,-18.42
G354Y,-17.49,-18.57
G446S,-18.85,-18.42
G476L,-17.51,-18.42
G476S,-17.82,-18.42
G502A,-16.27,-18.54
G502E,-15.29,-18.58
G502F,-16.24,-18.53
G502I,-15.03,-18.43
G502K,-15.96,-18.54
G502L,-16.61,-18.54
G502M,-16.18,-18.45
G502N,-16.06,-18.54
G502V,-15.18,-18.54
H34A,-17.80,-18.23
H34F,-20.44,-18.34
H34K,-18.80,-19.17
H34P,-17.29,-19.12
H34Q,-18.42,-19.20
H34S,-17.84,-18.46
H34V,-18.44,-19.11
K31F,-19.84,-18.42
K31M,-18.67,-18.42
K31P,-15.72,-18.29
K31W,-19.03,-18.42
K31Y,-20.96,-18.42
K353A,-18.58,-20.27
K353D,-17.83,-20.22
K353E,-16.71,-19.65
K353G,-18.37,-20.09
K353H,-17.69,-20.93
K353R,-19.84,-19.52
K353S,-17.96,-20.11
K353V,-15.27,-20.06
K353W,-18.24,-19.69
K417G,-17.32,-18.47
L455M,-18.21,-18.24
L455P,-16.09,-18.39
L45G,-17.88,-18.30
L45I,-18.28,-18.51
L45K,-18.31,-18.31
L79F,-18.88,-18.42
L79G,-17.93,-18.94
L79I,-18.24,-18.40
L79M,-18.54,-18.45
L79P,-17.88,-19.02
L79R,-18.08,-18.61
L79T,-18.27,-18.58
L79V,-18.28,-18.54
L79W,-19.12,-18.42
L79Y,-18.60,-18.45
M82C,-17.78,-18.64
M82G,-17.47,-18.50
M82L,-18.04,-18.42
M82P,-16.83,-18.42
M82R,-18.16,-18.15
N330D,-18.55,-18.34
N330F,-19.52,-18.43
N330H,-18.27,-18.45
N330L,-18.99,-18.45
N330Q,-18.70,-18.48
N330R,-18.76,-18.50
N330W,-19.37,-18.40
N330Y,-18.98,-18.44
N487D,-19.24,-18.35
N487P,-16.30,-18.42
N487Q,-17.34,-18.42
N501C,-20.23,-19.75
N501F,-13.57,-20.45
N501Q,-20.08,-19.78
N501S,-19.55,-19.95
N501T,-21.03,-19.10
N501V,-20.41,-19.07
N501W,-17.95,-20.75
N501Y,-14.14,-20.42
Q24F,-15.95,-18.42
Q24K,-19.04,-18.42
Q24T,-19.19,-18.42
Q24Y,-15.93,-18.42
Q325G,-18.46,-18.32
Q325H,-18.42,-18.43
Q325P,-18.45,-18.42
Q325S,-18.42,-18.42
Q325T,-18.42,-18.43
Q325Y,-18.42,-18.43
Q42C,-18.20,-18.21
Q42H,-19.63,-18.90
Q42I,-18.90,-18.69
Q42K,-18.20,-18.22
Q42L,-19.32,-19.00
Q42M,-19.27,-19.12
Q42R,-21.32,-19.32
Q42T,-18.94,-18.96
Q42V,-18.19,-18.22
Q42W,-18.21,-18.22
Q493A,-18.18,-18.42
Q493F,-20.62,-19.22
Q493G,-18.79,-19.17
Q493K,-18.73,-18.42
Q493L,-18.80,-18.42
Q493M,-19.38,-18.42
Q493V,-18.60,-19.17
Q493Y,-21.32,-19.22
Q498F,-21.20,-19.64
Q498H,-20.26,-19.90
Q498P,-19.37,-19.14
Q498W,-22.48,-19.00
Q498Y,-21.93,-19.35
R357A,-18.09,-18.34
R357D,-17.85,-18.39
R357E,-17.70,-18.49
R357F,-17.36,-18.51
R357G,-18.13,-18.47
R357I,-18.17,-18.62
R357N,-17.98,-18.52
R357P,-17.96,-18.51
R393A,-17.97,-18.20
R393H,-18.06,-18.19
R393K,-18.34,-18.32
R393M,-18.19,-18.10
R393S,-17.98,-18.44
R403W,-19.62,-19.86
S19F,-18.39,-18.42
S19I,-18.40,-18.42
S19L,-18.38,-18.42
S19N,-18.38,-18.42
S19P,-18.44,-18.42
S19T,-18.42,-18.42
S19V,-18.39,-18.42
S19W,-18.39,-18.42
S19Y,-18.38,-18.42
S477D,-18.52,-18.42
S477K,-18.39,-18.42
S477N,-18.38,-18.42
S477P,-18.42,-18.42
S477W,-18.31,-18.42
T27A,-17.37,-18.42
T27C,-17.48,-18.42
T27D,-18.94,-18.42
T27F,-20.10,-18.42
T27H,-17.97,-18.42
T27K,-18.17,-18.42
T27L,-19.03,-18.42
T27M,-19.15,-18.42
T27P,-17.21,-18.42
T27R,-17.68,-18.42
T27S,-16.89,-18.42
T27W,-18.52,-18.42
T27Y,-19.93,-18.42
T324A,-18.50,-18.54
T324E,-19.67,-18.55
T324G,-18.40,-18.42
T324P,-18.49,-18.42
T324Q,-18.99,-18.18
T324S,-18.31,-18.53
T500L,-19.15,-18.50
T500S,-18.39,-18.50
V445K,-18.90,-18.45
V445P,-18.37,-18.42
V445Q,-18.69,-18.42
V503I,-18.50,-18.42
V503K,-19.04,-18.27
V503L,-18.40,-18.42
V503M,-18.44,-18.42
V503R,-19.40,-18.27
Y41A,-19.32,-20.41
Y41I,-18.38,-19.22
Y41M,-19.12,-19.10
Y41R,-19.33,-20.14
Y41W,-19.03,-19.63
Y453D,-18.34,-18.40
Y453E,-18.44,-18.36
Y453F,-18.72,-18.41
Y453K,-17.93,-18.38
Y453P,-18.18,-18.32
Y473D,-18.09,-18.37
Y473K,-18.41,-18.42
Y489A,-16.72,-18.42
Y489E,-16.78,-18.42
Y489F,-19.00,-18.42
Y489S,-17.09,-18.41
Y505C,-16.57,-20.05
Y505D,-15.98,-19.79
Y505G,-17.12,-20.55
Y505M,-17.44,-19.98
Y505P,-16.35,-19.93
Y505W,-19.42,-19.37
Y83C,-16.79,-18.62
Y83D,-16.48,-18.19
Y83E,-16.50,-18.15
Y83L,-16.97,-18.29
Y83Q,-16.67,-18.44
Y83R,-16.91,-18.26
Y83V,-16.78,-18.61
